time,angle,angular_velocity,x,y
0,0.523108,-0.04905,0.499575,-0.866271
0.01,0.522128,-0.0980338,0.498726,-0.86676
0.02,0.520659,-0.14691,0.497452,-0.867492
0.03,0.518702,-0.195636,0.495754,-0.868463
0.04,0.516261,-0.244172,0.493632,-0.869671
0.05,0.513336,-0.292475,0.491086,-0.871111
0.06,0.509931,-0.340504,0.488117,-0.872778
0.07,0.506049,-0.388218,0.484725,-0.874667
0.08,0.501693,-0.435576,0.480911,-0.87677
0.09,0.496868,-0.482535,0.476674,-0.87908
0.1,0.491577,-0.529056,0.472017,-0.88159
0.11,0.485826,-0.575096,0.466939,-0.884289
0.12,0.47962,-0.620615,0.461442,-0.88717
0.13,0.472964,-0.665573,0.455527,-0.890222
0.14,0.465865,-0.709927,0.449196,-0.893433
0.15,0.458329,-0.753638,0.44245,-0.896793
0.16,0.450362,-0.796666,0.435291,-0.90029
0.17,0.441972,-0.838969,0.427723,-0.90391
0.18,0.433167,-0.88051,0.419748,-0.907641
0.19,0.423955,-0.921247,0.411368,-0.911469
0.2,0.414343,-0.961141,0.402589,-0.915381
0.21,0.404342,-1.00015,0.393414,-0.919362
0.22,0.393959,-1.03825,0.383847,-0.923397
0.23,0.383205,-1.07538,0.373895,-0.927471
0.24,0.37209,-1.11153,0.363563,-0.931569
0.25,0.360624,-1.14664,0.352858,-0.935677
0.26,0.348817,-1.18068,0.341786,-0.939778
0.27,0.336681,-1.21362,0.330356,-0.943856
0.28,0.324227,-1.24542,0.318576,-0.947897
0.29,0.311466,-1.27605,0.306455,-0.951885
0.3,0.298411,-1.30547,0.294002,-0.955805
0.31,0.285075,-1.33366,0.281229,-0.959641
0.32,0.271469,-1.36058,0.268147,-0.963378
0.33,0.257607,-1.38621,0.254767,-0.967002
0.34,0.243502,-1.41051,0.241103,-0.9705
0.35,0.229167,-1.43345,0.227167,-0.973856
0.36,0.214617,-1.45502,0.212973,-0.977058
0.37,0.199865,-1.47519,0.198537,-0.980093
0.38,0.184926,-1.49393,0.183874,-0.98295
0.39,0.169814,-1.51122,0.168999,-0.985616
0.4,0.154543,-1.52704,0.153929,-0.988082
0.41,0.13913,-1.54138,0.138681,-0.990337
0.42,0.123587,-1.55421,0.123273,-0.992373
0.43,0.107932,-1.56553,0.107723,-0.994181
0.44,0.092179,-1.57531,0.0920485,-0.995755
0.45,0.0763435,-1.58356,0.0762693,-0.997087
0.46,0.060441,-1.59025,0.0604042,-0.998174
0.47,0.0444872,-1.59538,0.0444726,-0.999011
0.48,0.0284978,-1.59894,0.028494,-0.999594
0.49,0.0124885,-1.60094,0.0124881,-0.999922
0.5,-0.00352515,-1.60136,-0.00352515,-0.999994
0.51,-0.0195273,-1.60022,-0.0195261,-0.999809
0.52,-0.0355023,-1.5975,-0.0354948,-0.99937
0.53,-0.0514345,-1.59322,-0.0514118,-0.998678
0.54,-0.0673083,-1.58738,-0.0672575,-0.997736
0.55,-0.0831081,-1.57999,-0.0830125,-0.996549
0.56,-0.0988187,-1.57105,-0.0986579,-0.995121
0.57,-0.114425,-1.56059,-0.114175,-0.993461
0.58,-0.129911,-1.54861,-0.129546,-0.991573
0.59,-0.145262,-1.53513,-0.144752,-0.989468
0.6,-0.160463,-1.52016,-0.159776,-0.987153
0.61,-0.175501,-1.50372,-0.174601,-0.984639
0.62,-0.190359,-1.48584,-0.189212,-0.981936
0.63,-0.205025,-1.46654,-0.203591,-0.979056
0.64,-0.219483,-1.44583,-0.217725,-0.97601
0.65,-0.23372,-1.42375,-0.231598,-0.972811
0.66,-0.247724,-1.40032,-0.245198,-0.969473
0.67,-0.261479,-1.37557,-0.25851,-0.966009
0.68,-0.274974,-1.34952,-0.271522,-0.962432
0.69,-0.288197,-1.32221,-0.284224,-0.958758
0.7,-0.301133,-1.29366,-0.296603,-0.955001
0.71,-0.313772,-1.26392,-0.308649,-0.951176
0.72,-0.326103,-1.23301,-0.320353,-0.947298
0.73,-0.338112,-1.20097,-0.331707,-0.943383
0.74,-0.34979,-1.16783,-0.342701,-0.939445
0.75,-0.361127,-1.13362,-0.353328,-0.935499
0.76,-0.372111,-1.09839,-0.363582,-0.931562
0.77,-0.382732,-1.06218,-0.373457,-0.927648
0.78,-0.392983,-1.02501,-0.382945,-0.923771
0.79,-0.402852,-0.986932,-0.392043,-0.919947
0.8,-0.412332,-0.947979,-0.400747,-0.916189
0.81,-0.421414,-0.908191,-0.409051,-0.912512
0.82,-0.43009,-0.867609,-0.416952,-0.908928
0.83,-0.438352,-0.826273,-0.424448,-0.905452
0.84,-0.446195,-0.784221,-0.431536,-0.902096
0.85,-0.45361,-0.741495,-0.438213,-0.898871
0.86,-0.460591,-0.698136,-0.444477,-0.89579
0.87,-0.467133,-0.654184,-0.450328,-0.892863
0.88,-0.47323,-0.609679,-0.455763,-0.890101
0.89,-0.478876,-0.564664,-0.460782,-0.887513
0.9,-0.484068,-0.519179,-0.465384,-0.885109
0.91,-0.488801,-0.473265,-0.469567,-0.882897
0.92,-0.49307,-0.426964,-0.473333,-0.880884
0.93,-0.496873,-0.380317,-0.476679,-0.879077
0.94,-0.500207,-0.333364,-0.479607,-0.877483
0.95,-0.503069,-0.286148,-0.482116,-0.876107
0.96,-0.505456,-0.23871,-0.484206,-0.874954
0.97,-0.507367,-0.19109,-0.485877,-0.874027
0.98,-0.5088,-0.14333,-0.487129,-0.87333
0.99,-0.509755,-0.0954704,-0.487963,-0.872864
1,-0.51023,-0.0475535,-0.488378,-0.872632
1.01,-0.510226,0.000380125,-0.488375,-0.872634
1.02,-0.509743,0.0482895,-0.487953,-0.87287
1.03,-0.508782,0.0961336,-0.487114,-0.873338
1.04,-0.507343,0.143871,-0.485857,-0.874038
1.05,-0.505429,0.191462,-0.484183,-0.874967
1.06,-0.50304,0.238865,-0.482091,-0.876121
1.07,-0.50018,0.286038,-0.479583,-0.877496
1.08,-0.49685,0.332942,-0.476659,-0.879088
1.09,-0.493055,0.379536,-0.473319,-0.880891
1.1,-0.488797,0.425779,-0.469564,-0.882898
1.11,-0.484081,0.47163,-0.465395,-0.885103
1.12,-0.47891,0.51705,-0.460812,-0.887498
1.13,-0.47329,0.561997,-0.455817,-0.890073
1.14,-0.467226,0.606432,-0.450411,-0.892821
1.15,-0.460723,0.650314,-0.444596,-0.895731
1.16,-0.453787,0.693603,-0.438372,-0.898794
1.17,-0.446424,0.736261,-0.431743,-0.901997
1.18,-0.438642,0.778247,-0.42471,-0.905329
1.19,-0.430447,0.819522,-0.417277,-0.90878
1.2,-0.421846,0.860047,-0.409445,-0.912335
1.21,-0.412848,0.899783,-0.40122,-0.915982
1.22,-0.403461,0.938693,-0.392604,-0.919708
1.23,-0.393694,0.976738,-0.383602,-0.923498
1.24,-0.383555,1.01388,-0.37422,-0.92734
1.25,-0.373054,1.05009,-0.364461,-0.931219
1.26,-0.362201,1.08531,-0.354333,-0.935119
1.27,-0.351006,1.11953,-0.343842,-0.939027
1.28,-0.339479,1.1527,-0.332996,-0.942928
1.29,-0.327631,1.18479,-0.321801,-0.946807
1.3,-0.315473,1.21577,-0.310266,-0.95065
1.31,-0.303017,1.2456,-0.298401,-0.954441
1.32,-0.290275,1.27425,-0.286215,-0.958165
1.33,-0.277258,1.30169,-0.273719,-0.96181
1.34,-0.263979,1.32789,-0.260924,-0.965359
1.35,-0.250451,1.35282,-0.247841,-0.968801
1.36,-0.236686,1.37646,-0.234482,-0.97212
1.37,-0.222698,1.39877,-0.220862,-0.975305
1.38,-0.208501,1.41974,-0.206993,-0.978342
1.39,-0.194107,1.43934,-0.192891,-0.98122
1.4,-0.179532,1.45754,-0.178569,-0.983927
1.41,-0.164789,1.47433,-0.164044,-0.986453
1.42,-0.149892,1.48969,-0.149331,-0.988787
1.43,-0.134856,1.50359,-0.134448,-0.990921
1.44,-0.119696,1.51603,-0.11941,-0.992845
1.45,-0.104426,1.52698,-0.104236,-0.994553
1.46,-0.0890615,1.53645,-0.0889438,-0.996037
1.47,-0.0736175,1.5444,-0.073551,-0.997291
1.48,-0.058109,1.55085,-0.0580763,-0.998312
1.49,-0.0425513,1.55577,-0.0425385,-0.999095
1.5,-0.0269597,1.55916,-0.0269564,-0.999637
1.51,-0.0113494,1.56103,-0.0113492,-0.999936
1.52,0.00426419,1.56136,0.00426417,-0.999991
1.53,0.0198658,1.56016,0.0198645,-0.999803
1.54,0.0354401,1.55743,0.0354327,-0.999372
1.55,0.0509719,1.55318,0.0509498,-0.998701
1.56,0.0664459,1.5474,0.0663971,-0.997793
1.57,0.0818471,1.54012,0.0817558,-0.996652
1.58,0.0971604,1.53133,0.0970076,-0.995284
1.59,0.112371,1.52104,0.112134,-0.993693
1.6,0.127464,1.50928,0.127119,-0.991888
1.61,0.142424,1.49606,0.141943,-0.989875
1.62,0.157238,1.48139,0.156591,-0.987664
1.63,0.171891,1.46528,0.171046,-0.985263
1.64,0.186369,1.44777,0.185292,-0.982684
1.65,0.200657,1.42887,0.199313,-0.979936
1.66,0.214743,1.4086,0.213097,-0.977031
1.67,0.228613,1.38699,0.226627,-0.973982
1.68,0.242254,1.36407,0.239891,-0.9708
1.69,0.255652,1.33985,0.252877,-0.967499
1.7,0.268796,1.31438,0.265571,-0.964091
1.71,0.281673,1.28767,0.277963,-0.960592
1.72,0.29427,1.25975,0.290042,-0.957014
1.73,0.306577,1.23067,0.301797,-0.953372
1.74,0.318582,1.20045,0.31322,-0.949681
1.75,0.330273,1.16912,0.324301,-0.945954
1.76,0.34164,1.13672,0.335033,-0.942206
1.77,0.352673,1.10329,0.345407,-0.938453
1.78,0.363361,1.06885,0.355418,-0.934707
1.79,0.373696,1.03345,0.365059,-0.930984
1.8,0.383667,0.997122,0.374324,-0.927298
1.81,0.393266,0.959903,0.383207,-0.923662
1.82,0.402484,0.92183,0.391706,-0.920091
1.83,0.411314,0.882943,0.399814,-0.916596
1.84,0.419747,0.84328,0.407529,-0.913192
1.85,0.427776,0.802879,0.414848,-0.909891
1.86,0.435393,0.761781,0.421767,-0.906704
1.87,0.442594,0.720025,0.428285,-0.903644
1.88,0.44937,0.67765,0.434398,-0.900721
1.89,0.455717,0.634697,0.440106,-0.897946
1.9,0.461629,0.591205,0.445407,-0.895328
1.91,0.467101,0.547215,0.4503,-0.892877
1.92,0.472129,0.502767,0.454783,-0.890602
1.93,0.476708,0.457901,0.458857,-0.88851
1.94,0.480835,0.412659,0.462519,-0.886609
1.95,0.484505,0.367079,0.465771,-0.884905
1.96,0.487717,0.321204,0.468611,-0.883405
1.97,0.490468,0.275072,0.471039,-0.882112
1.98,0.492755,0.228726,0.473055,-0.881033
1.99,0.494577,0.182205,0.47466,-0.880169
2,0.495933,0.13555,0.475852,-0.879525
2.01,0.496821,0.0888007,0.476633,-0.879102
2.02,0.497241,0.0419985,0.477002,-0.878902
2.03,0.497193,-0.00481638,0.47696,-0.878925
2.04,0.496677,-0.0516038,0.476506,-0.879171
2.05,0.495693,-0.0983232,0.475642,-0.879639
2.06,0.494244,-0.144935,0.474366,-0.880328
2.07,0.49233,-0.191397,0.472681,-0.881234
2.08,0.489953,-0.237672,0.470585,-0.882355
2.09,0.487116,-0.283717,0.468079,-0.883686
2.1,0.483821,-0.329494,0.465165,-0.885224
2.11,0.480072,-0.374962,0.461843,-0.886962
2.12,0.475871,-0.420081,0.458113,-0.888894
2.13,0.471223,-0.464812,0.453976,-0.891014
2.14,0.466132,-0.509115,0.449434,-0.893314
2.15,0.460602,-0.55295,0.444488,-0.895785
2.16,0.454639,-0.596277,0.439138,-0.898419
2.17,0.448249,-0.639059,0.433388,-0.901207
2.18,0.441436,-0.681254,0.427238,-0.904139
2.19,0.434208,-0.722826,0.420692,-0.907204
2.2,0.426571,-0.763734,0.413751,-0.91039
2.21,0.418531,-0.803942,0.406419,-0.913687
2.22,0.410097,-0.843409,0.398698,-0.917082
2.23,0.401276,-0.8821,0.390593,-0.920563
2.24,0.392076,-0.919976,0.382108,-0.924118
2.25,0.382506,-0.957001,0.373247,-0.927732
2.26,0.372575,-0.993138,0.364015,-0.931393
2.27,0.362291,-1.02835,0.354418,-0.935087
2.28,0.351665,-1.06261,0.344462,-0.9388
2.29,0.340707,-1.09587,0.334153,-0.942519
2.3,0.329426,-1.1281,0.3235,-0.946228
2.31,0.317833,-1.15927,0.312509,-0.949915
2.32,0.30594,-1.18935,0.301189,-0.953564
2.33,0.293757,-1.2183,0.28955,-0.957163
2.34,0.281296,-1.24609,0.277601,-0.960697
2.35,0.268569,-1.2727,0.265352,-0.964152
2.36,0.255588,-1.2981,0.252814,-0.967515
2.37,0.242365,-1.32225,0.239999,-0.970773
2.38,0.228914,-1.34513,0.22692,-0.973913
2.39,0.215247,-1.36672,0.213588,-0.976924
2.4,0.201377,-1.38699,0.200018,-0.979792
2.41,0.187317,-1.40592,0.186224,-0.982507
2.42,0.173083,-1.42349,0.17222,-0.985059
2.43,0.158686,-1.43967,0.158021,-0.987436
2.44,0.144141,-1.45445,0.143643,-0.98963
2.45,0.129463,-1.46781,0.129102,-0.991631
2.46,0.114666,-1.47975,0.114415,-0.993433
2.47,0.0997635,-1.49023,0.0995981,-0.995028
2.48,0.0847709,-1.49926,0.0846694,-0.996409
2.49,0.0697028,-1.50681,0.0696464,-0.997572
2.5,0.0545739,-1.51289,0.0545468,-0.998511
2.51,0.039399,-1.51749,0.0393889,-0.999224
2.52,0.0241931,-1.52059,0.0241908,-0.999707
2.53,0.0089711,-1.5222,0.00897098,-0.99996
2.54,-0.00625212,-1.52232,-0.00625208,-0.99998
2.55,-0.0214616,-1.52095,-0.0214599,-0.99977
2.56,-0.0366424,-1.51808,-0.0366342,-0.999329
2.57,-0.0517797,-1.51373,-0.0517566,-0.99866
2.58,-0.0668587,-1.5079,-0.0668089,-0.997766
2.59,-0.0818645,-1.50059,-0.0817731,-0.996651
2.6,-0.0967827,-1.49181,-0.0966317,-0.99532
2.61,-0.111599,-1.48159,-0.111367,-0.993779
2.62,-0.126298,-1.46992,-0.125962,-0.992035
2.63,-0.140866,-1.45683,-0.140401,-0.990095
2.64,-0.155289,-1.44233,-0.154666,-0.987967
2.65,-0.169554,-1.42644,-0.168743,-0.98566
2.66,-0.183645,-1.40917,-0.182615,-0.983185
2.67,-0.197551,-1.39055,-0.196269,-0.98055
2.68,-0.211257,-1.3706,-0.209689,-0.977768
2.69,-0.22475,-1.34935,-0.222863,-0.97485
2.7,-0.238019,-1.32681,-0.235777,-0.971807
2.71,-0.251049,-1.30301,-0.24842,-0.968652
2.72,-0.263829,-1.27799,-0.260779,-0.965399
2.73,-0.276346,-1.25177,-0.272842,-0.962059
2.74,-0.28859,-1.22438,-0.284601,-0.958646
2.75,-0.300549,-1.19585,-0.296044,-0.955174
2.76,-0.312211,-1.16621,-0.307163,-0.951657
2.77,-0.323566,-1.13549,-0.317949,-0.948108
2.78,-0.334603,-1.10373,-0.328394,-0.944541
2.79,-0.345313,-1.07097,-0.338491,-0.94097
2.8,-0.355685,-1.03723,-0.348232,-0.937408
2.81,-0.36571,-1.00255,-0.357613,-0.93387
2.82,-0.37538,-0.966962,-0.366626,-0.930368
2.83,-0.384685,-0.930512,-0.375267,-0.926917
2.84,-0.393617,-0.893233,-0.383532,-0.923528
2.85,-0.402169,-0.855162,-0.391415,-0.920214
2.86,-0.410332,-0.816337,-0.398914,-0.916988
2.87,-0.4181,-0.776795,-0.406025,-0.913862
2.88,-0.425466,-0.736576,-0.412745,-0.910846
2.89,-0.432423,-0.695717,-0.419072,-0.907953
2.9,-0.438966,-0.654258,-0.425004,-0.905192
2.91,-0.445088,-0.612238,-0.430538,-0.902573
2.92,-0.450785,-0.569697,-0.435672,-0.900105
2.93,-0.456052,-0.526672,-0.440407,-0.897798
2.94,-0.460884,-0.483205,-0.44474,-0.89566
2.95,-0.465277,-0.439334,-0.448671,-0.893697
2.96,-0.469228,-0.3951,-0.452198,-0.891918
2.97,-0.472734,-0.350542,-0.455322,-0.890327
2.98,-0.475791,-0.3057,-0.458041,-0.888931
2.99,-0.478397,-0.260613,-0.460357,-0.887734
3,-0.48055,-0.215322,-0.462267,-0.886741
3.01,-0.482249,-0.169866,-0.463773,-0.885954
3.02,-0.483492,-0.124285,-0.464873,-0.885377
3.03,-0.484278,-0.0786183,-0.465569,-0.885011
3.04,-0.484607,-0.0329067,-0.46586,-0.884858
3.05,-0.484479,0.0128107,-0.465747,-0.884918
3.06,-0.483894,0.0584941,-0.465229,-0.88519
3.07,-0.482853,0.104104,-0.464308,-0.885674
3.08,-0.481357,0.1496,-0.462982,-0.886368
3.09,-0.479407,0.194944,-0.461253,-0.887268
3.1,-0.477006,0.240096,-0.459122,-0.888373
3.11,-0.474156,0.285015,-0.456588,-0.889678
3.12,-0.47086,0.329664,-0.453652,-0.891179
3.13,-0.46712,0.374003,-0.450316,-0.892869
3.14,-0.46294,0.417992,-0.44658,-0.894744
3.15,-0.458324,0.461592,-0.442445,-0.896795
3.16,-0.453276,0.504765,-0.437913,-0.899017
3.17,-0.447801,0.547472,-0.432985,-0.901401
3.18,-0.441905,0.589674,-0.427662,-0.903939
3.19,-0.435591,0.631333,-0.421946,-0.906621
3.2,-0.428867,0.67241,-0.415841,-0.909437
3.21,-0.421738,0.712868,-0.409347,-0.912379
3.22,-0.414212,0.752669,-0.402468,-0.915434
3.23,-0.406294,0.791774,-0.395208,-0.918592
3.24,-0.397993,0.830148,-0.387569,-0.921841
3.25,-0.389315,0.867754,-0.379555,-0.925169
3.26,-0.380269,0.904554,-0.371171,-0.928565
3.27,-0.370864,0.940514,-0.362421,-0.932014
3.28,-0.361108,0.975597,-0.353311,-0.935506
3.29,-0.351011,1.00977,-0.343847,-0.939026
3.3,-0.340581,1.043,-0.334034,-0.942561
3.31,-0.329828,1.07524,-0.323881,-0.946098
3.32,-0.318763,1.10648,-0.313393,-0.949624
3.33,-0.307397,1.13667,-0.302578,-0.953124
3.34,-0.295739,1.16578,-0.291447,-0.956587
3.35,-0.283801,1.19379,-0.280007,-0.959998
3.36,-0.271594,1.22066,-0.268268,-0.963344
3.37,-0.259131,1.24637,-0.25624,-0.966613
3.38,-0.246422,1.27088,-0.243936,-0.969791
3.39,-0.23348,1.29418,-0.231365,-0.972867
3.4,-0.220318,1.31623,-0.21854,-0.975828
3.41,-0.206948,1.33701,-0.205474,-0.978663
3.42,-0.193383,1.3565,-0.19218,-0.98136
3.43,-0.179636,1.37467,-0.178671,-0.983909
3.44,-0.165721,1.39151,-0.164963,-0.9863
3.45,-0.151651,1.407,-0.15107,-0.988523
3.46,-0.13744,1.42112,-0.137007,-0.99057
3.47,-0.123101,1.43385,-0.122791,-0.992433
3.48,-0.10865,1.44517,-0.108436,-0.994103
3.49,-0.0940987,1.45509,-0.0939599,-0.995576
3.5,-0.0794629,1.46358,-0.0793793,-0.996844
3.51,-0.0647565,1.47063,-0.0647113,-0.997904
3.52,-0.0499941,1.47625,-0.0499732,-0.998751
3.53,-0.0351899,1.48041,-0.0351827,-0.999381
3.54,-0.0203587,1.48312,-0.0203573,-0.999793
3.55,-0.00551492,1.48438,-0.00551489,-0.999985
3.56,0.00932685,1.48418,0.00932672,-0.999957
3.57,0.0241521,1.48252,0.0241497,-0.999708
3.58,0.0389462,1.47941,0.0389363,-0.999242
3.59,0.0536947,1.47485,0.0536689,-0.998559
3.6,0.0683831,1.46885,0.0683299,-0.997663
3.61,0.0829973,1.46141,0.082902,-0.996558
3.62,0.0975227,1.45255,0.0973682,-0.995248
3.63,0.111945,1.44227,0.111712,-0.993741
3.64,0.126251,1.43059,0.125916,-0.992041
3.65,0.140427,1.41752,0.139965,-0.990156
3.66,0.154457,1.40308,0.153844,-0.988095
3.67,0.16833,1.38729,0.167536,-0.985866
3.68,0.182032,1.37016,0.181028,-0.983478
3.69,0.195549,1.35172,0.194305,-0.980941
3.7,0.208869,1.33198,0.207353,-0.978266
3.71,0.221978,1.31097,0.22016,-0.975464
3.72,0.234866,1.28872,0.232712,-0.972546
3.73,0.247518,1.26524,0.244998,-0.969523
3.74,0.259924,1.24058,0.257007,-0.96641
3.75,0.272071,1.21474,0.268727,-0.963216
3.76,0.283949,1.18778,0.280149,-0.959957
3.77,0.295546,1.1597,0.291262,-0.956643
3.78,0.306852,1.13055,0.302059,-0.953289
3.79,0.317855,1.10035,0.31253,-0.949908
3.8,0.328546,1.06914,0.322668,-0.946512
3.81,0.338916,1.03695,0.332465,-0.943116
3.82,0.348954,1.00382,0.341915,-0.939731
3.83,0.358652,0.969774,0.351012,-0.936371
3.84,0.368,0.934855,0.35975,-0.933049
3.85,0.376991,0.899096,0.368125,-0.929776
3.86,0.385617,0.862533,0.376131,-0.926567
3.87,0.393869,0.825204,0.383764,-0.923431
3.88,0.40174,0.787144,0.391021,-0.920382
3.89,0.409224,0.748391,0.397898,-0.91743
3.9,0.416314,0.708983,0.404392,-0.914586
3.91,0.423003,0.668958,0.410501,-0.91186
3.92,0.429287,0.628353,0.416223,-0.909263
3.93,0.435159,0.587208,0.421555,-0.906803
3.94,0.440615,0.54556,0.426496,-0.90449
3.95,0.445649,0.503448,0.431044,-0.902331
3.96,0.450258,0.460911,0.435198,-0.900335
3.97,0.454438,0.417987,0.438958,-0.898508
3.98,0.458185,0.374716,0.442321,-0.896857
3.99,0.461497,0.331137,0.445289,-0.895387
4,0.46437,0.287289,0.447859,-0.894104
4.01,0.466802,0.24321,0.450032,-0.893012
4.02,0.468791,0.198941,0.451808,-0.892115
4.03,0.470336,0.154519,0.453186,-0.891416
4.04,0.471436,0.109984,0.454166,-0.890917
4.05,0.47209,0.0653752,0.454749,-0.89062
4.06,0.472297,0.0207316,0.454933,-0.890526
4.07,0.472058,-0.0239077,0.45472,-0.890634
4.08,0.471373,-0.0685038,0.45411,-0.890946
4.09,0.470243,-0.113018,0.453103,-0.891458
4.1,0.468669,-0.157411,0.451699,-0.89217
4.11,0.466652,-0.201644,0.449899,-0.893079
4.12,0.464196,-0.245678,0.447704,-0.894182
4.13,0.461301,-0.289475,0.445113,-0.895474
4.14,0.457971,-0.332996,0.442129,-0.896951
4.15,0.454209,-0.376202,0.438752,-0.898608
4.16,0.450018,-0.419055,0.434982,-0.900439
4.17,0.445403,-0.461518,0.430822,-0.902437
4.18,0.440368,-0.50355,0.426272,-0.904595
4.19,0.434916,-0.545116,0.421335,-0.906905
4.2,0.429055,-0.586176,0.416011,-0.909359
4.21,0.422788,-0.626694,0.410304,-0.911949
4.22,0.416121,-0.666631,0.404216,-0.914664
4.23,0.409062,-0.705952,0.397749,-0.917494
4.24,0.401616,-0.744618,0.390906,-0.920431
4.25,0.39379,-0.782593,0.383691,-0.923462
4.26,0.385591,-0.819842,0.376107,-0.926576
4.27,0.377028,-0.856328,0.368159,-0.929763
4.28,0.368108,-0.892017,0.359851,-0.93301
4.29,0.358839,-0.926872,0.351188,-0.936305
4.3,0.349231,-0.96086,0.342175,-0.939636
4.31,0.339291,-0.993947,0.332819,-0.942991
4.32,0.32903,-1.0261,0.323125,-0.946356
4.33,0.318457,-1.05729,0.313102,-0.94972
4.34,0.307583,-1.08747,0.302756,-0.953068
4.35,0.296416,-1.11663,0.292095,-0.956389
4.36,0.284969,-1.14472,0.281128,-0.95967
4.37,0.273252,-1.17173,0.269864,-0.962898
4.38,0.261276,-1.19762,0.258313,-0.966061
4.39,0.249052,-1.22236,0.246485,-0.969147
4.4,0.236593,-1.24593,0.234392,-0.972142
4.41,0.22391,-1.2683,0.222043,-0.975037
4.42,0.211015,-1.28945,0.209453,-0.977819
4.43,0.197922,-1.30935,0.196632,-0.980477
4.44,0.184642,-1.32799,0.183594,-0.983002
4.45,0.171188,-1.34533,0.170354,-0.985383
4.46,0.157575,-1.36137,0.156923,-0.987611
4.47,0.143814,-1.37609,0.143319,-0.989677
4.48,0.129919,-1.38946,0.129554,-0.991572
4.49,0.115905,-1.40147,0.115645,-0.993291
4.5,0.101783,-1.41212,0.101608,-0.994825
4.51,0.0875697,-1.42138,0.0874578,-0.996168
4.52,0.0732772,-1.42925,0.0732117,-0.997316
4.53,0.0589201,-1.43571,0.058886,-0.998265
4.54,0.0445124,-1.44077,0.0444977,-0.999009
4.55,0.0300682,-1.44442,0.0300637,-0.999548
4.56,0.0156018,-1.44664,0.0156011,-0.999878
4.57,0.00112727,-1.44745,0.00112727,-0.999999
4.58,-0.0133411,-1.44684,-0.0133407,-0.999911
4.59,-0.0277892,-1.44481,-0.0277856,-0.999614
4.6,-0.0422027,-1.44136,-0.0421902,-0.99911
4.61,-0.0565677,-1.4365,-0.0565376,-0.9984
4.62,-0.0708701,-1.43023,-0.0708108,-0.99749
4.63,-0.0850958,-1.42257,-0.0849931,-0.996382
4.64,-0.099231,-1.41352,-0.0990682,-0.995081
4.65,-0.113262,-1.4031,-0.11302,-0.993593
4.66,-0.127175,-1.39131,-0.126833,-0.991924
4.67,-0.140957,-1.37817,-0.14049,-0.990082
4.68,-0.154594,-1.3637,-0.153979,-0.988074
4.69,-0.168073,-1.34791,-0.167283,-0.985909
4.7,-0.181381,-1.33083,-0.180388,-0.983595
4.71,-0.194506,-1.31247,-0.193282,-0.981143
4.72,-0.207434,-1.29285,-0.20595,-0.978563
4.73,-0.220154,-1.272,-0.21838,-0.975864
4.74,-0.232654,-1.24994,-0.230561,-0.973058
4.75,-0.244921,-1.2267,-0.242479,-0.970157
4.76,-0.256944,-1.2023,-0.254126,-0.967171
4.77,-0.268711,-1.17677,-0.265489,-0.964114
4.78,-0.280213,-1.15013,-0.27656,-0.960997
4.79,-0.291437,-1.12243,-0.287329,-0.957832
4.8,-0.302374,-1.09368,-0.297787,-0.954632
4.81,-0.313013,-1.06392,-0.307927,-0.95141
4.82,-0.323345,-1.03318,-0.31774,-0.948178
4.83,-0.33336,-1.00149,-0.32722,-0.944948
4.84,-0.343049,-0.968892,-0.33636,-0.941734
4.85,-0.352403,-0.935411,-0.345154,-0.938546
4.86,-0.361413,-0.901083,-0.353597,-0.935398
4.87,-0.370073,-0.865945,-0.361683,-0.932301
4.88,-0.378373,-0.830031,-0.369409,-0.929267
4.89,-0.386307,-0.793377,-0.37677,-0.926307
4.9,-0.393867,-0.756019,-0.383762,-0.923432
4.91,-0.401047,-0.717994,-0.390383,-0.920653
4.92,-0.407841,-0.679338,-0.396628,-0.917979
4.93,-0.414241,-0.640089,-0.402496,-0.915422
4.94,-0.420244,-0.600284,-0.407983,-0.912989
4.95,-0.425844,-0.559961,-0.413089,-0.91069
4.96,-0.431035,-0.519157,-0.417812,-0.908534
4.97,-0.435815,-0.47791,-0.422149,-0.906526
4.98,-0.440177,-0.436258,-0.4261,-0.904676
4.99,-0.44412,-0.39424,-0.429663,-0.902989
5,-0.447638,-0.351893,-0.432838,-0.901472
5.01,-0.450731,-0.309256,-0.435624,-0.900129
5.02,-0.453395,-0.266366,-0.43802,-0.898965
5.03,-0.455627,-0.223263,-0.440026,-0.897985
5.04,-0.457427,-0.179985,-0.441641,-0.897192
5.05,-0.458793,-0.13657,-0.442866,-0.896588
5.06,-0.459723,-0.0930567,-0.4437,-0.896175
5.07,-0.460218,-0.0494832,-0.444144,-0.895956
5.08,-0.460277,-0.00588794,-0.444196,-0.895929
5.09,-0.4599,0.0376907,-0.443859,-0.896097
5.1,-0.459088,0.0812144,-0.443131,-0.896457
5.11,-0.457842,0.124645,-0.442013,-0.897009
5.12,-0.456162,0.167944,-0.440506,-0.89775
5.13,-0.454051,0.211074,-0.43861,-0.898677
5.14,-0.451512,0.253996,-0.436326,-0.899789
5.15,-0.448545,0.296672,-0.433655,-0.901079
5.16,-0.445154,0.339066,-0.430597,-0.902544
5.17,-0.441343,0.381138,-0.427154,-0.904179
5.18,-0.437114,0.422851,-0.423327,-0.905977
5.19,-0.432473,0.464168,-0.419117,-0.907932
5.2,-0.427422,0.505051,-0.414526,-0.910037
5.21,-0.421967,0.545464,-0.409556,-0.912285
5.22,-0.416114,0.585368,-0.404209,-0.914667
5.23,-0.409866,0.624729,-0.398487,-0.917174
5.24,-0.403231,0.663508,-0.392393,-0.919798
5.25,-0.396215,0.70167,-0.385929,-0.922528
5.26,-0.388823,0.739178,-0.379099,-0.925356
5.27,-0.381063,0.775999,-0.371907,-0.92827
5.28,-0.372942,0.812095,-0.364357,-0.931259
5.29,-0.364468,0.847432,-0.356452,-0.934314
5.3,-0.355648,0.881976,-0.348198,-0.937421
5.31,-0.346491,0.915693,-0.339599,-0.94057
5.32,-0.337005,0.94855,-0.330662,-0.943749
5.33,-0.3272,0.980514,-0.321393,-0.946946
5.34,-0.317085,1.01155,-0.311798,-0.950148
5.35,-0.306668,1.04163,-0.301884,-0.953345
5.36,-0.295961,1.07073,-0.291659,-0.956522
5.37,-0.284973,1.0988,-0.281132,-0.959669
5.38,-0.273715,1.12583,-0.27031,-0.962773
5.39,-0.262197,1.15179,-0.259203,-0.965823
5.4,-0.25043,1.17664,-0.247821,-0.968806
5.41,-0.238427,1.20036,-0.236174,-0.971711
5.42,-0.226198,1.22293,-0.224274,-0.974526
5.43,-0.213754,1.24432,-0.21213,-0.977241
5.44,-0.201109,1.26451,-0.199756,-0.979846
5.45,-0.188274,1.28347,-0.187164,-0.982329
5.46,-0.175263,1.30119,-0.174367,-0.984681
5.47,-0.162086,1.31765,-0.161377,-0.986893
5.48,-0.148758,1.33282,-0.14821,-0.988956
5.49,-0.135291,1.34669,-0.134879,-0.990862
5.5,-0.121698,1.35925,-0.121398,-0.992604
5.51,-0.107994,1.37048,-0.107784,-0.994174
5.52,-0.09419,1.38037,-0.0940508,-0.995567
5.53,-0.0803009,1.3889,-0.0802147,-0.996778
5.54,-0.0663401,1.39608,-0.0662915,-0.9978
5.55,-0.0523213,1.40188,-0.0522974,-0.998632
5.56,-0.0382581,1.40631,-0.0382488,-0.999268
5.57,-0.0241645,1.40936,-0.0241622,-0.999708
5.58,-0.0100542,1.41103,-0.0100541,-0.999949
5.59,0.00405887,1.41131,0.00405886,-0.999992
5.6,0.0181609,1.41021,0.0181599,-0.999835
5.61,0.0322381,1.40772,0.0322325,-0.99948
5.62,0.0462766,1.40385,0.0462601,-0.998929
5.63,0.0602628,1.39861,0.0602263,-0.998185
5.64,0.0741828,1.39201,0.0741148,-0.99725
5.65,0.0880232,1.38404,0.0879096,-0.996128
5.66,0.10177,1.37472,0.101595,-0.994826
5.67,0.115411,1.36407,0.115155,-0.993348
5.68,0.128932,1.35209,0.128575,-0.9917
5.69,0.14232,1.3388,0.14184,-0.98989
5.7,0.155562,1.32422,0.154936,-0.987925
5.71,0.168646,1.30836,0.167848,-0.985813
5.72,0.181558,1.29124,0.180562,-0.983564
5.73,0.194287,1.27288,0.193067,-0.981186
5.74,0.20682,1.2533,0.205349,-0.978689
5.75,0.219145,1.23253,0.217395,-0.976084
5.76,0.231251,1.21059,0.229195,-0.97338
5.77,0.243126,1.1875,0.240738,-0.97059
5.78,0.254759,1.16329,0.252012,-0.967724
5.79,0.266139,1.13798,0.263008,-0.964794
5.8,0.277255,1.11161,0.273716,-0.96181
5.81,0.288097,1.08421,0.284128,-0.958786
5.82,0.298655,1.05579,0.294235,-0.955733
5.83,0.308919,1.0264,0.304029,-0.952663
5.84,0.318879,0.99606,0.313503,-0.949587
5.85,0.328528,0.964807,0.32265,-0.946518
5.86,0.337854,0.932673,0.331463,-0.943468
5.87,0.346851,0.89969,0.339938,-0.940448
5.88,0.35551,0.865892,0.348069,-0.937469
5.89,0.363823,0.831314,0.35585,-0.934543
5.9,0.371783,0.795989,0.363277,-0.931681
5.91,0.379383,0.759954,0.370347,-0.928893
5.92,0.386615,0.723243,0.377055,-0.926191
5.93,0.393474,0.685892,0.383399,-0.923583
5.94,0.399953,0.647938,0.389375,-0.921079
5.95,0.406048,0.609416,0.394981,-0.918689
5.96,0.411751,0.570363,0.400215,-0.916421
5.97,0.417059,0.530817,0.405074,-0.914284
5.98,0.421967,0.490814,0.409556,-0.912285
5.99,0.426471,0.450391,0.413661,-0.910431
6,0.430567,0.409586,0.417386,-0.908729
6.01,0.434252,0.368436,0.420732,-0.907185
6.02,0.437521,0.326978,0.423696,-0.905805
6.03,0.440374,0.285249,0.426278,-0.904592
6.04,0.442807,0.243289,0.428477,-0.903553
6.05,0.444818,0.201134,0.430294,-0.902689
6.06,0.446406,0.158821,0.431727,-0.902004
6.07,0.44757,0.11639,0.432776,-0.901501
6.08,0.448309,0.073876,0.433442,-0.901181
6.09,0.448622,0.0313184,0.433724,-0.901046
6.1,0.44851,-0.0112456,0.433623,-0.901094
6.11,0.447972,-0.0537784,0.433138,-0.901327
6.12,0.447009,-0.0962424,0.432271,-0.901744
6.13,0.445623,-0.1386,0.431021,-0.902342
6.14,0.443815,-0.180814,0.429388,-0.90312
6.15,0.441587,-0.222846,0.427375,-0.904075
6.16,0.43894,-0.26466,0.42498,-0.905203
6.17,0.435878,-0.306219,0.422207,-0.9065
6.18,0.432403,-0.347484,0.419054,-0.907961
6.19,0.428519,-0.38842,0.415524,-0.909582
6.2,0.424229,-0.428988,0.411618,-0.911356
6.21,0.419538,-0.469154,0.407338,-0.913277
6.22,0.414449,-0.508879,0.402685,-0.915338
6.23,0.408968,-0.548128,0.397662,-0.917532
6.24,0.403099,-0.586864,0.392271,-0.91985
6.25,0.396848,-0.625053,0.386514,-0.922284
6.26,0.390222,-0.662657,0.380394,-0.924825
6.27,0.383225,-0.699642,0.373914,-0.927463
6.28,0.375866,-0.735974,0.367078,-0.93019
6.29,0.368149,-0.771616,0.35989,-0.932995
6.3,0.360084,-0.806535,0.352353,-0.935867
6.31,0.351677,-0.840698,0.344473,-0.938796
6.32,0.342936,-0.87407,0.336254,-0.941771
6.33,0.33387,-0.90662,0.327702,-0.944781
6.34,0.324487,-0.938314,0.318823,-0.947814
6.35,0.314796,-0.969121,0.309622,-0.95086
6.36,0.304806,-0.999011,0.300108,-0.953905
6.37,0.294526,-1.02795,0.290287,-0.95694
6.38,0.283967,-1.05592,0.280166,-0.959952
6.39,0.273138,-1.08287,0.269755,-0.962929
6.4,0.26205,-1.10879,0.259062,-0.965861
6.41,0.250714,-1.13365,0.248096,-0.968736
6.42,0.23914,-1.15742,0.236867,-0.971542
6.43,0.227339,-1.18008,0.225386,-0.97427
6.44,0.215323,-1.2016,0.213663,-0.976907
6.45,0.203103,-1.22196,0.20171,-0.979445
6.46,0.190692,-1.24114,0.189538,-0.981873
6.47,0.178101,-1.25911,0.177161,-0.984182
6.48,0.165342,-1.27586,0.16459,-0.986362
6.49,0.152428,-1.29137,0.151839,-0.988405
6.5,0.139372,-1.30562,0.138921,-0.990303
6.51,0.126186,-1.31859,0.125852,-0.992049
6.52,0.112884,-1.33028,0.112644,-0.993635
6.53,0.0994768,-1.34067,0.0993129,-0.995056
6.54,0.0859794,-1.34974,0.0858736,-0.996306
6.55,0.0724046,-1.35749,0.0723413,-0.99738
6.56,0.0587655,-1.36391,0.0587317,-0.998274
6.57,0.0450756,-1.36899,0.0450604,-0.998984
6.58,0.0313484,-1.37272,0.0313433,-0.999509
6.59,0.0175973,-1.37511,0.0175964,-0.999845
6.6,0.00383583,-1.37615,0.00383582,-0.999993
6.61,-0.00992254,-1.37584,-0.00992238,-0.999951
6.62,-0.0236643,-1.37418,-0.0236621,-0.99972
6.63,-0.037376,-1.37117,-0.0373673,-0.999302
6.64,-0.0510441,-1.36682,-0.051022,-0.998698
6.65,-0.0646554,-1.36113,-0.0646104,-0.997911
6.66,-0.0781965,-1.35411,-0.0781168,-0.996944
6.67,-0.0916542,-1.34577,-0.0915259,-0.995803
6.68,-0.105015,-1.33612,-0.104822,-0.994491
6.69,-0.118267,-1.32517,-0.117991,-0.993015
6.7,-0.131396,-1.31293,-0.131019,-0.99138
6.71,-0.14439,-1.29942,-0.143889,-0.989594
6.72,-0.157237,-1.28465,-0.15659,-0.987664
6.73,-0.169924,-1.26865,-0.169107,-0.985598
6.74,-0.182438,-1.25143,-0.181427,-0.983404
6.75,-0.194768,-1.233,-0.193539,-0.981093
6.76,-0.206902,-1.2134,-0.205429,-0.978672
6.77,-0.218828,-1.19264,-0.217086,-0.976153
6.78,-0.230536,-1.17075,-0.228499,-0.973544
6.79,-0.242013,-1.14775,-0.239658,-0.970857
6.8,-0.25325,-1.12366,-0.250551,-0.968103
6.81,-0.264235,-1.09852,-0.261171,-0.965293
6.82,-0.274958,-1.07235,-0.271507,-0.962436
6.83,-0.28541,-1.04518,-0.281551,-0.959546
6.84,-0.295581,-1.01704,-0.291295,-0.956633
6.85,-0.30546,-0.987953,-0.300732,-0.953709
6.86,-0.31504,-0.957957,-0.309854,-0.950784
6.87,-0.324311,-0.927082,-0.318655,-0.947871
6.88,-0.333264,-0.895358,-0.327129,-0.94498
6.89,-0.341892,-0.862819,-0.335271,-0.942122
6.9,-0.350187,-0.829497,-0.343074,-0.939308
6.91,-0.358142,-0.795427,-0.350534,-0.93655
6.92,-0.365748,-0.760642,-0.357648,-0.933856
6.93,-0.373,-0.725176,-0.364411,-0.931238
6.94,-0.37989,-0.689065,-0.370819,-0.928705
6.95,-0.386414,-0.652343,-0.376869,-0.926267
6.96,-0.392564,-0.615046,-0.382559,-0.923931
6.97,-0.398336,-0.57721,-0.387886,-0.921708
6.98,-0.403725,-0.53887,-0.392847,-0.919604
6.99,-0.408726,-0.500062,-0.39744,-0.917628
7,-0.413334,-0.460823,-0.401665,-0.915787
7.01,-0.417546,-0.421189,-0.405518,-0.914087
7.02,-0.421358,-0.381197,-0.409,-0.912534
7.03,-0.424767,-0.340884,-0.412108,-0.911135
7.04,-0.42777,-0.300285,-0.414842,-0.909893
7.05,-0.430364,-0.259439,-0.417202,-0.908814
7.06,-0.432548,-0.218382,-0.419185,-0.907901
7.07,-0.434319,-0.177151,-0.420793,-0.907157
7.08,-0.435677,-0.135782,-0.422024,-0.906585
7.09,-0.43662,-0.094314,-0.422879,-0.906186
7.1,-0.437148,-0.0527824,-0.423357,-0.905963
7.11,-0.43726,-0.0112247,-0.423459,-0.905915
7.12,-0.436957,0.0303223,-0.423184,-0.906044
7.13,-0.436239,0.0718215,-0.422534,-0.906347
7.14,-0.435106,0.113236,-0.421507,-0.906825
7.15,-0.433561,0.154529,-0.420105,-0.907475
7.16,-0.431605,0.195664,-0.418329,-0.908296
7.17,-0.429238,0.236605,-0.416178,-0.909283
7.18,-0.426465,0.277313,-0.413655,-0.910434
7.19,-0.423288,0.317754,-0.41076,-0.911743
7.2,-0.419709,0.357891,-0.407495,-0.913208
7.21,-0.415732,0.397687,-0.40386,-0.914821
7.22,-0.411361,0.437107,-0.399857,-0.916577
7.23,-0.4066,0.476115,-0.395489,-0.918471
7.24,-0.401453,0.514674,-0.390756,-0.920494
7.25,-0.395926,0.55275,-0.385662,-0.92264
7.26,-0.390023,0.590307,-0.380209,-0.924901
7.27,-0.383749,0.62731,-0.3744,-0.927267
7.28,-0.377112,0.663725,-0.368237,-0.929732
7.29,-0.370117,0.699517,-0.361724,-0.932285
7.3,-0.36277,0.734653,-0.354866,-0.934917
7.31,-0.355079,0.769098,-0.347665,-0.937619
7.32,-0.347051,0.802819,-0.340126,-0.94038
7.33,-0.338693,0.835784,-0.332255,-0.94319
7.34,-0.330014,0.867961,-0.324056,-0.946038
7.35,-0.321021,0.899316,-0.315535,-0.948914
7.36,-0.311722,0.929821,-0.306699,-0.951807
7.37,-0.302128,0.959443,-0.297553,-0.954705
7.38,-0.292246,0.988153,-0.288104,-0.957599
7.39,-0.282087,1.01592,-0.278361,-0.960477
7.4,-0.27166,1.04272,-0.268331,-0.963327
7.41,-0.260975,1.06852,-0.258022,-0.966139
7.42,-0.250042,1.0933,-0.247444,-0.968902
7.43,-0.238872,1.11703,-0.236606,-0.971606
7.44,-0.227475,1.13968,-0.225518,-0.974239
7.45,-0.215862,1.16123,-0.21419,-0.976792
7.46,-0.204046,1.18167,-0.202633,-0.979255
7.47,-0.192036,1.20095,-0.190858,-0.981618
7.48,-0.179845,1.21908,-0.178877,-0.983871
7.49,-0.167485,1.23601,-0.166703,-0.986007
7.5,-0.154968,1.25175,-0.154348,-0.988017
7.51,-0.142305,1.26627,-0.141825,-0.989892
7.52,-0.12951,1.27955,-0.129148,-0.991625
7.53,-0.116594,1.29158,-0.11633,-0.993211
7.54,-0.10357,1.30234,-0.103385,-0.994641
7.55,-0.0904521,1.31183,-0.0903288,-0.995912
7.56,-0.0772518,1.32004,-0.0771749,-0.997018
7.57,-0.0639823,1.32695,-0.0639386,-0.997954
7.58,-0.0506567,1.33256,-0.050635,-0.998717
7.59,-0.0372881,1.33686,-0.0372795,-0.999305
7.6,-0.0238896,1.33985,-0.0238874,-0.999715
7.61,-0.0104744,1.34152,-0.0104742,-0.999945
7.62,0.00294435,1.34188,0.00294435,-0.999996
7.63,0.0163535,1.34092,0.0163528,-0.999866
7.64,0.02974,1.33864,0.0297356,-0.999558
7.65,0.0430905,1.33506,0.0430772,-0.999072
7.66,0.0563922,1.33016,0.0563623,-0.99841
7.67,0.0696319,1.32397,0.0695756,-0.997577
7.68,0.0827967,1.31648,0.0827021,-0.996574
7.69,0.0958738,1.30771,0.095727,-0.995408
7.7,0.10885,1.29767,0.108636,-0.994082
7.71,0.121714,1.28636,0.121414,-0.992602
7.72,0.134452,1.27381,0.134047,-0.990975
7.73,0.147052,1.26002,0.146523,-0.989207
7.74,0.159502,1.24502,0.158827,-0.987306
7.75,0.171791,1.22881,0.170947,-0.98528
7.76,0.183905,1.21143,0.18287,-0.983137
7.77,0.195834,1.19288,0.194584,-0.980886
7.78,0.207566,1.1732,0.206078,-0.978535
7.79,0.21909,1.15239,0.217341,-0.976096
7.8,0.230395,1.1305,0.228362,-0.973576
7.81,0.24147,1.10753,0.23913,-0.970988
7.82,0.252305,1.08352,0.249637,-0.96834
7.83,0.26289,1.05849,0.259872,-0.965643
7.84,0.273214,1.03246,0.269828,-0.962909
7.85,0.283269,1.00548,0.279496,-0.960147
7.86,0.293045,0.977555,0.288869,-0.957369
7.87,0.302532,0.948728,0.297938,-0.954585
7.88,0.311722,0.919026,0.306698,-0.951807
7.89,0.320607,0.88848,0.315143,-0.949044
7.9,0.329178,0.85712,0.323266,-0.946308
7.91,0.337428,0.824979,0.331061,-0.943609
7.92,0.345349,0.792089,0.338525,-0.940957
7.93,0.352934,0.758484,0.345652,-0.938363
7.94,0.360176,0.724196,0.352439,-0.935835
7.95,0.367068,0.68926,0.358881,-0.933383
7.96,0.373606,0.653709,0.364975,-0.931017
7.97,0.379781,0.617578,0.370717,-0.928746
7.98,0.38559,0.580902,0.376106,-0.926577
7.99,0.391027,0.543716,0.381139,-0.924518
8,0.396088,0.506054,0.385812,-0.922577
8.01,0.400768,0.467953,0.390125,-0.920762
8.02,0.405062,0.429448,0.394076,-0.919078
8.03,0.408968,0.390574,0.397662,-0.917532
8.04,0.412481,0.351368,0.400884,-0.916129
8.05,0.4156,0.311866,0.403739,-0.914874
8.06,0.418321,0.272103,0.406227,-0.913772
8.07,0.420642,0.232116,0.408347,-0.912827
8.08,0.422562,0.191941,0.410098,-0.912041
8.09,0.424078,0.151615,0.411481,-0.911419
8.1,0.42519,0.111173,0.412493,-0.910961
8.11,0.425896,0.0706514,0.413137,-0.910669
8.12,0.426197,0.0300874,0.413411,-0.910545
8.13,0.426092,-0.0104833,0.413316,-0.910588
8.14,0.425582,-0.0510243,0.412851,-0.910799
8.15,0.424667,-0.0914995,0.412017,-0.911176
8.16,0.423348,-0.131873,0.410815,-0.911719
8.17,0.421627,-0.172108,0.409246,-0.912424
8.18,0.419505,-0.212169,0.407309,-0.913291
8.19,0.416985,-0.25202,0.405006,-0.914314
8.2,0.414069,-0.291625,0.402338,-0.915491
8.21,0.410759,-0.330948,0.399306,-0.916818
8.22,0.40706,-0.369955,0.395911,-0.918289
8.23,0.402974,-0.408608,0.392156,-0.919899
8.24,0.398505,-0.446875,0.388041,-0.921642
8.25,0.393658,-0.484718,0.383569,-0.923512
8.26,0.388437,-0.522104,0.378742,-0.925502
8.27,0.382847,-0.558997,0.373563,-0.927605
8.28,0.376893,-0.595364,0.368034,-0.929812
8.29,0.370582,-0.631171,0.362158,-0.932117
8.3,0.363918,-0.666383,0.355938,-0.93451
8.31,0.356908,-0.700967,0.349379,-0.936982
8.32,0.349559,-0.734891,0.342484,-0.939524
8.33,0.341878,-0.768121,0.335257,-0.942127
8.34,0.333872,-0.800626,0.327703,-0.944781
8.35,0.325548,-0.832373,0.319828,-0.947476
8.36,0.316915,-0.863332,0.311636,-0.950201
8.37,0.30798,-0.893472,0.303134,-0.952948
8.38,0.298752,-0.922763,0.294328,-0.955704
8.39,0.289241,-0.951175,0.285224,-0.958461
8.4,0.279454,-0.97868,0.275831,-0.961206
8.41,0.269401,-1.00525,0.266154,-0.96393
8.42,0.259093,-1.03086,0.256204,-0.966623
8.43,0.248538,-1.05547,0.245987,-0.969273
8.44,0.237747,-1.07908,0.235514,-0.971871
8.45,0.226731,-1.10164,0.224793,-0.974407
8.46,0.215499,-1.12314,0.213835,-0.97687
8.47,0.204064,-1.14356,0.20265,-0.979251
8.48,0.192435,-1.16287,0.19125,-0.981541
8.49,0.180625,-1.18105,0.179644,-0.983732
8.5,0.168644,-1.19808,0.167846,-0.985813
8.51,0.156504,-1.21395,0.155866,-0.987778
8.52,0.144218,-1.22863,0.143719,-0.989619
8.53,0.131797,-1.24212,0.131416,-0.991327
8.54,0.119253,-1.25439,0.118971,-0.992898
8.55,0.106599,-1.26543,0.106397,-0.994324
8.56,0.0938463,-1.27523,0.0937086,-0.9956
8.57,0.0810084,-1.28379,0.0809199,-0.996721
8.58,0.0680976,-1.29109,0.068045,-0.997682
8.59,0.0551264,-1.29712,0.0550985,-0.998481
8.6,0.0421077,-1.30187,0.0420953,-0.999114
8.61,0.0290542,-1.30535,0.0290501,-0.999578
8.62,0.0159787,-1.30755,0.015978,-0.999872
8.63,0.00289409,-1.30846,0.00289408,-0.999996
8.64,-0.0101868,-1.30809,-0.0101867,-0.999948
8.65,-0.0232512,-1.30644,-0.0232491,-0.99973
8.66,-0.0362862,-1.3035,-0.0362783,-0.999342
8.67,-0.0492792,-1.29929,-0.0492592,-0.998786
8.68,-0.0622173,-1.29381,-0.0621772,-0.998065
8.69,-0.0750879,-1.28707,-0.0750174,-0.997182
8.7,-0.0878786,-1.27906,-0.0877655,-0.996141
8.71,-0.100577,-1.26981,-0.100407,-0.994946
8.72,-0.11317,-1.25933,-0.112929,-0.993603
8.73,-0.125646,-1.24762,-0.125316,-0.992117
8.74,-0.137993,-1.2347,-0.137556,-0.990494
8.75,-0.150199,-1.22059,-0.149635,-0.988741
8.76,-0.162252,-1.2053,-0.161541,-0.986866
8.77,-0.174141,-1.18885,-0.173262,-0.984876
8.78,-0.185853,-1.17126,-0.184785,-0.982779
8.79,-0.197379,-1.15255,-0.1961,-0.980584
8.8,-0.208706,-1.13273,-0.207194,-0.9783
8.81,-0.219824,-1.11184,-0.218058,-0.975936
8.82,-0.230723,-1.08989,-0.228682,-0.973501
8.83,-0.241393,-1.06692,-0.239055,-0.971006
8.84,-0.251822,-1.04293,-0.249169,-0.96846
8.85,-0.262002,-1.01797,-0.259014,-0.965873
8.86,-0.271922,-0.992048,-0.268583,-0.963256
8.87,-0.281574,-0.965204,-0.277868,-0.960619
8.88,-0.290949,-0.937462,-0.286861,-0.957972
8.89,-0.300037,-0.908852,-0.295556,-0.955325
8.9,-0.308831,-0.879404,-0.303945,-0.952689
8.91,-0.317323,-0.849147,-0.312024,-0.950074
8.92,-0.325504,-0.818113,-0.319786,-0.94749
8.93,-0.333367,-0.786333,-0.327227,-0.944946
8.94,-0.340906,-0.753839,-0.334341,-0.942452
8.95,-0.348112,-0.720663,-0.341124,-0.940018
8.96,-0.354981,-0.686838,-0.347572,-0.937653
8.97,-0.361505,-0.652398,-0.353682,-0.935366
8.98,-0.367678,-0.617376,-0.35945,-0.933164
8.99,-0.373496,-0.581805,-0.364873,-0.931057
9,-0.378954,-0.54572,-0.369948,-0.929052
9.01,-0.384045,-0.509155,-0.374674,-0.927157
9.02,-0.388767,-0.472145,-0.379047,-0.925377
9.03,-0.393114,-0.434725,-0.383067,-0.923721
9.04,-0.397083,-0.396928,-0.38673,-0.922193
9.05,-0.400671,-0.358792,-0.390036,-0.920799
9.06,-0.403875,-0.32035,-0.392984,-0.919545
9.07,-0.406691,-0.281638,-0.395572,-0.918435
9.08,-0.409118,-0.242691,-0.3978,-0.917472
9.09,-0.411153,-0.203546,-0.399667,-0.916661
9.1,-0.412796,-0.164237,-0.401172,-0.916003
9.11,-0.414044,-0.1248,-0.402315,-0.915501
9.12,-0.414896,-0.0852703,-0.403095,-0.915158
9.13,-0.415353,-0.045684,-0.403513,-0.914974
9.14,-0.415414,-0.00607654,-0.403569,-0.914949
9.15,-0.415079,0.0335166,-0.403262,-0.915085
9.16,-0.414348,0.0730598,-0.402593,-0.915379
9.17,-0.413223,0.112518,-0.401563,-0.915831
9.18,-0.411704,0.151855,-0.400172,-0.91644
9.19,-0.409794,0.191036,-0.398421,-0.917203
9.2,-0.407494,0.230025,-0.39631,-0.918117
9.21,-0.404806,0.268788,-0.39384,-0.919179
9.22,-0.401733,0.30729,-0.391014,-0.920385
9.23,-0.398278,0.345494,-0.387832,-0.92173
9.24,-0.394444,0.383368,-0.384295,-0.92321
9.25,-0.390236,0.420876,-0.380406,-0.924819
9.26,-0.385656,0.457983,-0.376167,-0.926552
9.27,-0.380709,0.494656,-0.371579,-0.928401
9.28,-0.375401,0.530861,-0.366645,-0.930361
9.29,-0.369735,0.566563,-0.361368,-0.932423
9.3,-0.363718,0.60173,-0.355751,-0.934581
9.31,-0.357354,0.636328,-0.349797,-0.936825
9.32,-0.350651,0.670325,-0.343509,-0.939149
9.33,-0.343614,0.703688,-0.336892,-0.941543
9.34,-0.33625,0.736386,-0.32995,-0.943998
9.35,-0.328567,0.768386,-0.322687,-0.946506
9.36,-0.32057,0.799657,-0.315108,-0.949056
9.37,-0.312268,0.830169,-0.307218,-0.951639
9.38,-0.303669,0.859892,-0.299024,-0.954246
9.39,-0.294781,0.888797,-0.290531,-0.956866
9.4,-0.285613,0.916853,-0.281746,-0.959489
9.41,-0.276173,0.944034,-0.272675,-0.962106
9.42,-0.266469,0.970311,-0.263327,-0.964707
9.43,-0.256513,0.995659,-0.253709,-0.967281
9.44,-0.246312,1.02005,-0.243829,-0.969818
9.45,-0.235878,1.04346,-0.233697,-0.97231
9.46,-0.225219,1.06586,-0.22332,-0.974745
9.47,-0.214347,1.08724,-0.212709,-0.977116
9.48,-0.203271,1.10756,-0.201874,-0.979411
9.49,-0.192003,1.12681,-0.190826,-0.981624
9.5,-0.180553,1.14497,-0.179574,-0.983744
9.51,-0.168933,1.16201,-0.168131,-0.985765
9.52,-0.157154,1.17792,-0.156508,-0.987677
9.53,-0.145227,1.19269,-0.144717,-0.989473
9.54,-0.133164,1.20629,-0.132771,-0.991147
9.55,-0.120977,1.21871,-0.120682,-0.992691
9.56,-0.108678,1.22994,-0.108464,-0.9941
9.57,-0.0962781,1.23997,-0.0961294,-0.995369
9.58,-0.0837903,1.24878,-0.0836923,-0.996492
9.59,-0.0712267,1.25636,-0.0711665,-0.997464
9.6,-0.0585996,1.26272,-0.058566,-0.998284
9.61,-0.0459213,1.26783,-0.0459051,-0.998946
9.62,-0.0332043,1.2717,-0.0331982,-0.999449
9.63,-0.0204611,1.27432,-0.0204597,-0.999791
9.64,-0.0077042,1.27569,-0.00770412,-0.99997
9.65,0.00505387,1.27581,0.00505385,-0.999987
9.66,0.0178006,1.27467,0.0177997,-0.999842
9.67,0.0305235,1.27229,0.0305188,-0.999534
9.68,0.0432101,1.26866,0.0431967,-0.999067
9.69,0.055848,1.26379,0.055819,-0.998441
9.7,0.0684248,1.25768,0.0683714,-0.99766
9.71,0.0809282,1.25034,0.0808399,-0.996727
9.72,0.0933461,1.24179,0.0932106,-0.995646
9.73,0.105666,1.23202,0.10547,-0.994423
9.74,0.117877,1.22106,0.117604,-0.993061
9.75,0.129966,1.20891,0.129601,-0.991566
9.76,0.141922,1.1956,0.141446,-0.989946
9.77,0.153733,1.18112,0.153128,-0.988206
9.78,0.165388,1.16551,0.164635,-0.986354
9.79,0.176876,1.14878,0.175955,-0.984398
9.8,0.188186,1.13094,0.187077,-0.982345
9.81,0.199306,1.11202,0.197989,-0.980204
9.82,0.210226,1.09204,0.208681,-0.977984
9.83,0.220936,1.07103,0.219143,-0.975693
9.84,0.231426,1.04899,0.229366,-0.97334
9.85,0.241686,1.02597,0.23934,-0.970936
9.86,0.251706,1.00198,0.249056,-0.968489
9.87,0.261476,0.977042,0.258507,-0.966009
9.88,0.270988,0.951194,0.267684,-0.963507
9.89,0.280233,0.924458,0.276579,-0.960991
9.9,0.289201,0.896864,0.285187,-0.958472
9.91,0.297886,0.868438,0.2935,-0.955959
9.92,0.306278,0.839212,0.301512,-0.953462
9.93,0.31437,0.809214,0.309217,-0.950991
9.94,0.322155,0.778475,0.316611,-0.948555
9.95,0.329625,0.747026,0.323688,-0.946164
9.96,0.336774,0.714899,0.330444,-0.943826
9.97,0.343595,0.682125,0.336874,-0.94155
9.98,0.350083,0.648737,0.342975,-0.939344
9.99,0.35623,0.614766,0.348744,-0.937218
10,0.362033,0.580247,0.354176,-0.935179
10.01,0.367485,0.545212,0.359269,-0.933234
10.02,0.372582,0.509695,0.364021,-0.931391
10.03,0.377319,0.47373,0.36843,-0.929656
10.04,0.381693,0.43735,0.372492,-0.928035
10.05,0.385699,0.40059,0.376206,-0.926536
10.06,0.389333,0.363484,0.379572,-0.925162
10.07,0.392594,0.326066,0.382586,-0.92392
10.08,0.395478,0.288371,0.385249,-0.922813
10.09,0.397982,0.250434,0.387559,-0.921845
10.1,0.400105,0.21229,0.389515,-0.92102
10.11,0.401845,0.173972,0.391117,-0.920341
10.12,0.4032,0.135516,0.392364,-0.91981
10.13,0.404169,0.0969578,0.393255,-0.919429
10.14,0.404753,0.058331,0.393792,-0.9192
10.15,0.40495,0.0196709,0.393972,-0.919122
10.16,0.40476,-0.0189876,0.393798,-0.919197
10.17,0.404184,-0.0576097,0.393268,-0.919424
10.18,0.403222,-0.0961605,0.392384,-0.919802
10.19,0.401876,-0.134605,0.391145,-0.920329
10.2,0.400147,-0.172909,0.389554,-0.921004
10.21,0.398036,-0.211038,0.387609,-0.921824
10.22,0.395547,-0.248957,0.385313,-0.922786
10.23,0.392681,-0.286632,0.382666,-0.923887
10.24,0.38944,-0.324028,0.379671,-0.925122
10.25,0.385829,-0.361112,0.376327,-0.926487
10.26,0.381851,-0.397849,0.372638,-0.927977
10.27,0.377509,-0.434206,0.368606,-0.929586
10.28,0.372807,-0.470149,0.364231,-0.931309
10.29,0.367751,-0.505645,0.359517,-0.933138
10.3,0.362344,-0.540661,0.354467,-0.935069
10.31,0.356592,-0.575164,0.349083,-0.937092
10.32,0.350501,-0.609121,0.343369,-0.939201
10.33,0.344076,-0.642501,0.337327,-0.941387
10.34,0.337323,-0.675271,0.330963,-0.943644
10.35,0.330249,-0.707401,0.324279,-0.945961
10.36,0.322861,-0.738859,0.317281,-0.948332
10.37,0.315165,-0.769615,0.309973,-0.950745
10.38,0.307168,-0.799639,0.302361,-0.953194
10.39,0.298879,-0.8289,0.294449,-0.955667
10.4,0.290306,-0.857372,0.286245,-0.958156
10.41,0.281455,-0.885023,0.277754,-0.960652
10.42,0.272337,-0.911829,0.268983,-0.963145
10.43,0.262959,-0.93776,0.259939,-0.965625
10.44,0.253332,-0.962791,0.250631,-0.968083
10.45,0.243463,-0.986897,0.241065,-0.970509
10.46,0.233362,-1.01005,0.23125,-0.972894
10.47,0.22304,-1.03223,0.221195,-0.97523
10.48,0.212506,-1.05342,0.21091,-0.977506
10.49,0.20177,-1.07358,0.200404,-0.979713
10.5,0.190843,-1.0927,0.189686,-0.981845
10.51,0.179735,-1.11076,0.178769,-0.983891
10.52,0.168458,-1.12775,0.167662,-0.985845
10.53,0.157021,-1.14363,0.156377,-0.987697
10.54,0.145437,-1.1584,0.144925,-0.989443
10.55,0.133717,-1.17204,0.133319,-0.991073
10.56,0.121872,-1.18453,0.12157,-0.992583
10.57,0.109913,-1.19586,0.109692,-0.993966
10.58,0.0978529,-1.20603,0.0976969,-0.995216
10.59,0.0857029,-1.21501,0.085598,-0.99633
10.6,0.0734749,-1.2228,0.0734088,-0.997302
10.61,0.0611811,-1.22939,0.0611429,-0.998129
10.62,0.0488334,-1.23477,0.048814,-0.998808
10.63,0.036444,-1.23894,0.0364359,-0.999336
10.64,0.024025,-1.2419,0.0240227,-0.999711
10.65,0.0115887,-1.24363,0.0115884,-0.999933
10.66,-0.000852766,-1.24415,-0.000852766,-1
10.67,-0.0132872,-1.24344,-0.0132868,-0.999912
10.68,-0.0257023,-1.24152,-0.0256995,-0.99967
10.69,-0.0380861,-1.23837,-0.0380768,-0.999275
10.7,-0.0504262,-1.23402,-0.0504049,-0.998729
10.71,-0.0627108,-1.22846,-0.0626697,-0.998034
10.72,-0.0749278,-1.22169,-0.0748577,-0.997194
10.73,-0.0870652,-1.21374,-0.0869552,-0.996212
10.74,-0.0991112,-1.2046,-0.098949,-0.995093
10.75,-0.111054,-1.19429,-0.110826,-0.99384
10.76,-0.122882,-1.18283,-0.122573,-0.992459
10.77,-0.134584,-1.17021,-0.134179,-0.990957
10.78,-0.146149,-1.15646,-0.145629,-0.989339
10.79,-0.157565,-1.1416,-0.156914,-0.987612
10.8,-0.168821,-1.12563,-0.168021,-0.985783
10.81,-0.179907,-1.10859,-0.178938,-0.98386
10.82,-0.190812,-1.09048,-0.189656,-0.981851
10.83,-0.201525,-1.07133,-0.200164,-0.979762
10.84,-0.212037,-1.05116,-0.210452,-0.977604
10.85,-0.222337,-1.02999,-0.220509,-0.975385
10.86,-0.232415,-1.00784,-0.230328,-0.973113
10.87,-0.242263,-0.98474,-0.2399,-0.970798
10.88,-0.25187,-0.960713,-0.249215,-0.968448
10.89,-0.261228,-0.935785,-0.258267,-0.966074
10.9,-0.270327,-0.909981,-0.267047,-0.963684
10.91,-0.279161,-0.883329,-0.275549,-0.961287
10.92,-0.287719,-0.855856,-0.283766,-0.958894
10.93,-0.295995,-0.82759,-0.291692,-0.956512
10.94,-0.303981,-0.798561,-0.299321,-0.954153
10.95,-0.311669,-0.768799,-0.306647,-0.951823
10.96,-0.319052,-0.738332,-0.313667,-0.949533
10.97,-0.326124,-0.707192,-0.320374,-0.947291
10.98,-0.332878,-0.67541,-0.326764,-0.945106
10.99,-0.339308,-0.643017,-0.332835,-0.942985
11,-0.345409,-0.610044,-0.338581,-0.940937
11.01,-0.351174,-0.576524,-0.344,-0.93897
11.02,-0.356599,-0.54249,-0.349089,-0.93709
11.03,-0.361678,-0.507973,-0.353845,-0.935304
11.04,-0.366409,-0.473007,-0.358265,-0.93362
11.05,-0.370785,-0.437624,-0.362347,-0.932043
11.06,-0.374803,-0.401859,-0.36609,-0.93058
11.07,-0.378461,-0.365745,-0.369491,-0.929234
11.08,-0.381754,-0.329315,-0.372549,-0.928013
11.09,-0.38468,-0.292603,-0.375263,-0.926919
11.1,-0.387236,-0.255644,-0.377631,-0.925956
11.11,-0.389421,-0.21847,-0.379653,-0.925129
11.12,-0.391232,-0.181117,-0.381328,-0.92444
11.13,-0.392669,-0.143618,-0.382655,-0.923891
11.14,-0.393729,-0.106008,-0.383634,-0.923485
11.15,-0.394412,-0.0683206,-0.384265,-0.923223
11.16,-0.394718,-0.0305901,-0.384548,-0.923105
11.17,-0.394646,0.00714936,-0.384482,-0.923133
11.18,-0.394198,0.0448634,-0.384067,-0.923305
11.19,-0.393372,0.082518,-0.383305,-0.923622
11.2,-0.392172,0.120079,-0.382196,-0.924081
11.21,-0.390597,0.157512,-0.38074,-0.924682
11.22,-0.388649,0.194784,-0.378938,-0.925422
11.23,-0.38633,0.231861,-0.376791,-0.926298
11.24,-0.383643,0.268708,-0.374301,-0.927307
11.25,-0.38059,0.305293,-0.371468,-0.928446
11.26,-0.377174,0.341581,-0.368295,-0.929709
11.27,-0.373399,0.37754,-0.364782,-0.931093
11.28,-0.369267,0.413136,-0.360932,-0.932592
11.29,-0.364784,0.448337,-0.356748,-0.934201
11.3,-0.359953,0.48311,-0.35223,-0.935913
11.31,-0.354779,0.517422,-0.347383,-0.937723
11.32,-0.349266,0.551242,-0.342209,-0.939624
11.33,-0.343421,0.584537,-0.33671,-0.941608
11.34,-0.337248,0.617276,-0.330892,-0.943669
11.35,-0.330754,0.649428,-0.324756,-0.945798
11.36,-0.323944,0.680962,-0.318308,-0.947987
11.37,-0.316826,0.711847,-0.311552,-0.950229
11.38,-0.309405,0.742054,-0.304492,-0.952515
11.39,-0.30169,0.771554,-0.297134,-0.954836
11.4,-0.293687,0.800317,-0.289483,-0.957183
11.41,-0.285403,0.828315,-0.281545,-0.959548
11.42,-0.276848,0.855521,-0.273325,-0.961922
11.43,-0.268029,0.881906,-0.264832,-0.964295
11.44,-0.258955,0.907445,-0.25607,-0.966658
11.45,-0.249634,0.932112,-0.247049,-0.969003
11.46,-0.240075,0.955881,-0.237775,-0.97132
11.47,-0.230288,0.978729,-0.228257,-0.973601
11.48,-0.220281,1.00063,-0.218504,-0.975836
11.49,-0.210066,1.02157,-0.208524,-0.978017
11.5,-0.19965,1.04151,-0.198327,-0.980136
11.51,-0.189046,1.06045,-0.187922,-0.982184
11.52,-0.178262,1.07835,-0.17732,-0.984153
11.53,-0.16731,1.09521,-0.166531,-0.986036
11.54,-0.1562,1.111,-0.155566,-0.987826
11.55,-0.144943,1.1257,-0.144436,-0.989514
11.56,-0.13355,1.13931,-0.133154,-0.991095
11.57,-0.122032,1.1518,-0.12173,-0.992563
11.58,-0.110401,1.16317,-0.110176,-0.993912
11.59,-0.0986666,1.17339,-0.0985066,-0.995136
11.6,-0.0868419,1.18247,-0.0867328,-0.996232
11.61,-0.074938,1.19039,-0.0748679,-0.997193
11.62,-0.0629667,1.19714,-0.0629251,-0.998018
11.63,-0.0509395,1.20271,-0.0509175,-0.998703
11.64,-0.0388685,1.20711,-0.0388587,-0.999245
11.65,-0.0267653,1.21031,-0.0267621,-0.999642
11.66,-0.014642,1.21233,-0.0146415,-0.999893
11.67,-0.00251035,1.21316,-0.00251034,-0.999997
11.68,0.0096177,1.2128,0.00961755,-0.999954
11.69,0.0217302,1.21125,0.0217285,-0.999764
11.7,0.0338154,1.20852,0.033809,-0.999428
11.71,0.0458614,1.2046,0.0458453,-0.998949
11.72,0.0578563,1.1995,0.0578241,-0.998327
11.73,0.0697886,1.19322,0.0697319,-0.997566
11.74,0.0816464,1.18579,0.0815558,-0.996669
11.75,0.0934184,1.17719,0.0932826,-0.99564
11.76,0.105093,1.16745,0.1049,-0.994483
11.77,0.116659,1.15658,0.116394,-0.993203
11.78,0.128105,1.14458,0.127754,-0.991806
11.79,0.139419,1.13148,0.138968,-0.990297
11.8,0.150592,1.11728,0.150024,-0.988682
11.81,0.161612,1.102,0.16091,-0.986969
11.82,0.172469,1.08567,0.171615,-0.985164
11.83,0.183152,1.06829,0.182129,-0.983275
11.84,0.193651,1.04989,0.192443,-0.981308
11.85,0.203955,1.03048,0.202544,-0.979273
11.86,0.214056,1.0101,0.212425,-0.977177
11.87,0.223944,0.988755,0.222077,-0.975029
11.88,0.233609,0.966475,0.23149,-0.972837
11.89,0.243042,0.943283,0.240656,-0.97061
11.9,0.252234,0.919203,0.249567,-0.968357
11.91,0.261176,0.894261,0.258217,-0.966087
11.92,0.269861,0.868483,0.266597,-0.963808
11.93,0.27828,0.841895,0.274702,-0.961529
11.94,0.286425,0.814526,0.282525,-0.95926
11.95,0.294289,0.786403,0.29006,-0.957009
11.96,0.301865,0.757555,0.297301,-0.954784
11.97,0.309145,0.728011,0.304244,-0.952594
11.98,0.316123,0.6978,0.310884,-0.950448
11.99,0.322792,0.666954,0.317216,-0.948353
12,0.329147,0.635501,0.323236,-0.946318
12.01,0.335182,0.603474,0.328941,-0.94435
12.02,0.340891,0.570903,0.334327,-0.942457
12.03,0.346269,0.53782,0.339391,-0.940645
12.04,0.351312,0.504257,0.34413,-0.938922
12.05,0.356014,0.470246,0.348541,-0.937293
12.06,0.360373,0.435819,0.352623,-0.935765
12.07,0.364383,0.401009,0.356373,-0.934344
12.08,0.368041,0.365848,0.359789,-0.933034
12.09,0.371345,0.33037,0.362869,-0.93184
12.1,0.374291,0.294607,0.365613,-0.930767
12.11,0.376877,0.258593,0.368018,-0.929819
12.12,0.379101,0.222361,0.370085,-0.928998
12.13,0.38096,0.185945,0.371812,-0.928308
12.14,0.382454,0.149377,0.373198,-0.927752
12.15,0.383581,0.112692,0.374243,-0.927331
12.16,0.38434,0.0759221,0.374947,-0.927046
12.17,0.384731,0.0391018,0.37531,-0.926899
12.18,0.384754,0.0022644,0.375331,-0.926891
12.19,0.384408,-0.0345567,0.37501,-0.927021
12.2,0.383695,-0.0713279,0.374349,-0.927288
12.21,0.382615,-0.108016,0.373347,-0.927692
12.22,0.381169,-0.144587,0.372006,-0.928231
12.23,0.379359,-0.181009,0.370325,-0.928902
12.24,0.377186,-0.217247,0.368306,-0.929705
12.25,0.374653,-0.253269,0.36595,-0.930634
12.26,0.371763,-0.289042,0.363259,-0.931688
12.27,0.368518,-0.324533,0.360233,-0.932862
12.28,0.364921,-0.35971,0.356875,-0.934152
12.29,0.360975,-0.39454,0.353187,-0.935553
12.3,0.356685,-0.42899,0.34917,-0.937059
12.31,0.352055,-0.463029,0.344827,-0.938666
12.32,0.347089,-0.496625,0.340162,-0.940367
12.33,0.341791,-0.529747,0.335175,-0.942156
12.34,0.336168,-0.562363,0.329872,-0.944026
12.35,0.330223,-0.594442,0.324254,-0.94597
12.36,0.323964,-0.625954,0.318327,-0.947981
12.37,0.317395,-0.656869,0.312093,-0.950052
12.38,0.310523,-0.687157,0.305557,-0.952174
12.39,0.303356,-0.716788,0.298724,-0.954339
12.4,0.295898,-0.745735,0.291599,-0.956541
12.41,0.288159,-0.773968,0.284187,-0.958769
12.42,0.280144,-0.801459,0.276494,-0.961016
12.43,0.271862,-0.828183,0.268526,-0.963273
12.44,0.263321,-0.854111,0.260289,-0.965531
12.45,0.254529,-0.879218,0.251789,-0.967782
12.46,0.245494,-0.903479,0.243036,-0.970017
12.47,0.236225,-0.926869,0.234034,-0.972228
12.48,0.226732,-0.949365,0.224794,-0.974406
12.49,0.217022,-0.970942,0.215323,-0.976543
12.5,0.207106,-0.99158,0.205629,-0.97863
12.51,0.196994,-1.01126,0.195722,-0.980659
12.52,0.186694,-1.02995,0.185612,-0.982623
12.53,0.176218,-1.04764,0.175307,-0.984514
12.54,0.165575,-1.06432,0.164819,-0.986324
12.55,0.154775,-1.07996,0.154158,-0.988046
12.56,0.14383,-1.09454,0.143334,-0.989674
12.57,0.132749,-1.10805,0.13236,-0.991202
12.58,0.121545,-1.12048,0.121245,-0.992623
12.59,0.110226,-1.13182,0.110003,-0.993931
12.6,0.0988059,-1.14204,0.0986452,-0.995123
12.61,0.0872945,-1.15115,0.0871836,-0.996192
12.62,0.0757032,-1.15912,0.0756309,-0.997136
12.63,0.0640436,-1.16596,0.0639998,-0.99795
12.64,0.052327,-1.17166,0.0523031,-0.998631
12.65,0.0405649,-1.17621,0.0405538,-0.999177
12.66,0.028769,-1.1796,0.028765,-0.999586
12.67,0.0169507,-1.18183,0.0169499,-0.999856
12.68,0.00512168,-1.1829,0.00512166,-0.999987
12.69,-0.00670642,-1.18281,-0.00670637,-0.999978
12.7,-0.018522,-1.18156,-0.018521,-0.999828
12.71,-0.0303136,-1.17915,-0.0303089,-0.999541
12.72,-0.0420695,-1.17559,-0.0420571,-0.999115
12.73,-0.0537782,-1.17088,-0.0537523,-0.998554
12.74,-0.0654284,-1.16502,-0.0653817,-0.99786
12.75,-0.0770086,-1.15802,-0.0769325,-0.997036
12.76,-0.0885076,-1.1499,-0.0883921,-0.996086
12.77,-0.0999141,-1.14065,-0.0997479,-0.995013
12.78,-0.111217,-1.13029,-0.110988,-0.993822
12.79,-0.122405,-1.11884,-0.1221,-0.992518
12.8,-0.133468,-1.1063,-0.133073,-0.991106
12.81,-0.144395,-1.0927,-0.143894,-0.989593
12.82,-0.155176,-1.07803,-0.154554,-0.987984
12.83,-0.165799,-1.06233,-0.165041,-0.986287
12.84,-0.176255,-1.04561,-0.175344,-0.984507
12.85,-0.186534,-1.02789,-0.185454,-0.982653
12.86,-0.196626,-1.00918,-0.195361,-0.980731
12.87,-0.206521,-0.989511,-0.205056,-0.97875
12.88,-0.21621,-0.9689,-0.214529,-0.976718
12.89,-0.225684,-0.94737,-0.223773,-0.974641
12.9,-0.234933,-0.924944,-0.232778,-0.97253
12.91,-0.24395,-0.901646,-0.241537,-0.970392
12.92,-0.252725,-0.877501,-0.250043,-0.968235
12.93,-0.26125,-0.852533,-0.258288,-0.966068
12.94,-0.269518,-0.826768,-0.266266,-0.963899
12.95,-0.27752,-0.800234,-0.273971,-0.961738
12.96,-0.28525,-0.772957,-0.281397,-0.959591
12.97,-0.292699,-0.744966,-0.288538,-0.957469
12.98,-0.299862,-0.716288,-0.295388,-0.955377
12.99,-0.306732,-0.686952,-0.301944,-0.953326
13,-0.313301,-0.656988,-0.308201,-0.951321
13.01,-0.319566,-0.626425,-0.314154,-0.949372
13.02,-0.325519,-0.595293,-0.3198,-0.947485
13.03,-0.331155,-0.563623,-0.325135,-0.945667
13.04,-0.336469,-0.531446,-0.330156,-0.943926
13.05,-0.341457,-0.498791,-0.334861,-0.942268
13.06,-0.346114,-0.465692,-0.339245,-0.940698
13.07,-0.350436,-0.432179,-0.343307,-0.939223
13.08,-0.354419,-0.398285,-0.347045,-0.937848
13.09,-0.358059,-0.364041,-0.350457,-0.936579
13.1,-0.361354,-0.329479,-0.353541,-0.935419
13.11,-0.3643,-0.294632,-0.356296,-0.934373
13.12,-0.366896,-0.259532,-0.358719,-0.933445
13.13,-0.369138,-0.224212,-0.360811,-0.932639
13.14,-0.371025,-0.188704,-0.362571,-0.931956
13.15,-0.372555,-0.153041,-0.363997,-0.9314
13.16,-0.373728,-0.117257,-0.365088,-0.930973
13.17,-0.374542,-0.081383,-0.365846,-0.930675
13.18,-0.374996,-0.0454528,-0.366269,-0.930509
13.19,-0.375091,-0.0094991,-0.366357,-0.930474
13.2,-0.374827,0.0264453,-0.366111,-0.930571
13.21,-0.374203,0.0623476,-0.365531,-0.930799
13.22,-0.373221,0.098175,-0.364617,-0.931158
13.23,-0.371882,0.133895,-0.36337,-0.931645
13.24,-0.370188,0.169474,-0.36179,-0.932259
13.25,-0.368139,0.204881,-0.35988,-0.932999
13.26,-0.365738,0.240083,-0.357639,-0.93386
13.27,-0.362988,0.275047,-0.355069,-0.93484
13.28,-0.35989,0.309742,-0.352171,-0.935935
13.29,-0.356449,0.344135,-0.348949,-0.937142
13.3,-0.352667,0.378195,-0.345402,-0.938455
13.31,-0.348548,0.41189,-0.341533,-0.93987
13.32,-0.344096,0.445188,-0.337346,-0.941381
13.33,-0.339316,0.478059,-0.332842,-0.942983
13.34,-0.334211,0.510472,-0.328024,-0.944669
13.35,-0.328787,0.542396,-0.322895,-0.946435
13.36,-0.323049,0.573801,-0.317459,-0.948272
13.37,-0.317002,0.604657,-0.31172,-0.950174
13.38,-0.310653,0.634934,-0.30568,-0.952134
13.39,-0.304007,0.664604,-0.299346,-0.954145
13.4,-0.297071,0.693637,-0.29272,-0.956198
13.41,-0.28985,0.722006,-0.285809,-0.958287
13.42,-0.282354,0.749683,-0.278617,-0.960402
13.43,-0.274587,0.776641,-0.27115,-0.962537
13.44,-0.266559,0.802852,-0.263413,-0.964683
13.45,-0.258276,0.828292,-0.255414,-0.966832
13.46,-0.249746,0.852934,-0.247158,-0.968975
13.47,-0.240979,0.876753,-0.238653,-0.971105
13.48,-0.231982,0.899727,-0.229907,-0.973213
13.49,-0.222763,0.921831,-0.220925,-0.975291
13.5,-0.213333,0.943043,-0.211718,-0.977331
13.51,-0.203699,0.963341,-0.202294,-0.979325
13.52,-0.193872,0.982704,-0.19266,-0.981266
13.53,-0.183861,1.00111,-0.182827,-0.983145
13.54,-0.173676,1.01855,-0.172804,-0.984956
13.55,-0.163326,1.03499,-0.162601,-0.986692
13.56,-0.152822,1.05042,-0.152228,-0.988345
13.57,-0.142173,1.06483,-0.141695,-0.98991
13.58,-0.131391,1.0782,-0.131014,-0.991381
13.59,-0.120486,1.09051,-0.120195,-0.99275
13.6,-0.109469,1.10176,-0.10925,-0.994014
13.61,-0.0983494,1.11193,-0.0981909,-0.995168
13.62,-0.0871394,1.121,-0.0870291,-0.996206
13.63,-0.0758496,1.12898,-0.0757769,-0.997125
13.64,-0.0644911,1.13585,-0.0644464,-0.997921
13.65,-0.053075,1.1416,-0.0530501,-0.998592
13.66,-0.0416127,1.14624,-0.0416007,-0.999134
13.67,-0.0301152,1.14974,-0.0301107,-0.999547
13.68,-0.018594,1.15212,-0.0185929,-0.999827
13.69,-0.0070603,1.15337,-0.00706024,-0.999975
13.7,0.00447458,1.15349,0.00447456,-0.99999
13.71,0.0159993,1.15247,0.0159986,-0.999872
13.72,0.0275025,1.15033,0.0274991,-0.999622
13.73,0.0389731,1.14705,0.0389632,-0.999241
13.74,0.0503996,1.14266,0.0503783,-0.99873
13.75,0.0617711,1.13714,0.0617318,-0.998093
13.76,0.0730763,1.13052,0.0730113,-0.997331
13.77,0.0843042,1.12279,0.0842044,-0.996449
13.78,0.0954439,1.11397,0.095299,-0.995449
13.79,0.106485,1.10406,0.106283,-0.994336
13.8,0.117415,1.09309,0.117146,-0.993115
13.81,0.128226,1.08105,0.127875,-0.99179
13.82,0.138905,1.06796,0.138459,-0.990368
13.83,0.149444,1.05385,0.148888,-0.988854
13.84,0.159831,1.03871,0.159151,-0.987254
13.85,0.170057,1.02258,0.169238,-0.985575
13.86,0.180112,1.00547,0.179139,-0.983824
13.87,0.189985,0.98739,0.188845,-0.982007
13.88,0.199669,0.968371,0.198345,-0.980132
13.89,0.209153,0.948429,0.207632,-0.978207
13.9,0.218429,0.927586,0.216696,-0.976239
13.91,0.227488,0.905864,0.225531,-0.974236
13.92,0.236321,0.883287,0.234127,-0.972206
13.93,0.24492,0.859877,0.242478,-0.970157
13.94,0.253276,0.83566,0.250577,-0.968097
13.95,0.261383,0.810661,0.258417,-0.966034
13.96,0.269232,0.784905,0.265991,-0.963976
13.97,0.276816,0.758419,0.273294,-0.96193
13.98,0.284128,0.731229,0.280321,-0.959906
13.99,0.291162,0.703364,0.287065,-0.957911
14,0.29791,0.674851,0.293523,-0.955952
14.01,0.304368,0.645719,0.29969,-0.954037
14.02,0.310528,0.615997,0.305561,-0.952172
14.03,0.316385,0.585713,0.311133,-0.950366
14.04,0.321934,0.554898,0.316402,-0.948625
14.05,0.32717,0.523582,0.321364,-0.946956
14.06,0.332087,0.491794,0.326017,-0.945364
14.07,0.336683,0.459566,0.330358,-0.943856
14.08,0.340952,0.426928,0.334385,-0.942437
14.09,0.344892,0.393912,0.338095,-0.941112
14.1,0.348497,0.360548,0.341486,-0.939887
14.11,0.351766,0.326868,0.344556,-0.938766
14.12,0.354695,0.292903,0.347304,-0.937753
14.13,0.357282,0.258686,0.349729,-0.936851
14.14,0.359524,0.224248,0.351829,-0.936064
14.15,0.36142,0.189622,0.353603,-0.935396
14.16,0.362969,0.154839,0.355051,-0.934847
14.17,0.364168,0.119931,0.356172,-0.93442
14.18,0.365017,0.0849303,0.356965,-0.934118
14.19,0.365516,0.0498695,0.357431,-0.933939
14.2,0.365664,0.0147806,0.357569,-0.933887
14.21,0.365461,-0.0203043,0.35738,-0.933959
14.22,0.364907,-0.0553531,0.356863,-0.934157
14.23,0.364004,-0.0903337,0.356019,-0.934479
14.24,0.362752,-0.125214,0.354848,-0.934924
14.25,0.361152,-0.159962,0.353352,-0.93549
14.26,0.359207,-0.194546,0.351532,-0.936176
14.27,0.356917,-0.228934,0.349388,-0.936978
14.28,0.354286,-0.263094,0.346921,-0.937894
14.29,0.351316,-0.296996,0.344134,-0.93892
14.3,0.34801,-0.330607,0.341028,-0.940053
14.31,0.344371,-0.363896,0.337605,-0.941288
14.32,0.340403,-0.396833,0.333867,-0.94262
14.33,0.336109,-0.429387,0.329817,-0.944045
14.34,0.331494,-0.461528,0.325456,-0.945557
14.35,0.326562,-0.493224,0.320788,-0.947151
14.36,0.321317,-0.524447,0.315817,-0.94882
14.37,0.315766,-0.555166,0.310544,-0.950559
14.38,0.309912,-0.585353,0.304975,-0.95236
14.39,0.303762,-0.614978,0.299112,-0.954218
14.4,0.297322,-0.644014,0.292961,-0.956124
14.41,0.290598,-0.672431,0.286525,-0.958073
14.42,0.283596,-0.700203,0.27981,-0.960056
14.43,0.276323,-0.727302,0.27282,-0.962065
14.44,0.268786,-0.753702,0.265561,-0.964094
14.45,0.260992,-0.779377,0.258039,-0.966134
14.46,0.252949,-0.804301,0.25026,-0.968179
14.47,0.244664,-0.828449,0.242231,-0.970219
14.48,0.236146,-0.851798,0.233958,-0.972247
14.49,0.227403,-0.874323,0.225448,-0.974255
14.5,0.218443,-0.896003,0.21671,-0.976236
14.51,0.209275,-0.916814,0.207751,-0.978182
14.52,0.199908,-0.936736,0.198579,-0.980085
14.53,0.19035,-0.955748,0.189203,-0.981938
14.54,0.180612,-0.973831,0.179632,-0.983734
14.55,0.170702,-0.990966,0.169874,-0.985466
14.56,0.160631,-1.00714,0.159941,-0.987127
14.57,0.150408,-1.02232,0.149841,-0.98871
14.58,0.140043,-1.03651,0.139585,-0.99021
14.59,0.129546,-1.04969,0.129184,-0.991621
14.6,0.118927,-1.06183,0.118647,-0.992936
14.61,0.108198,-1.07294,0.107987,-0.994152
14.62,0.097368,-1.083,0.0972142,-0.995263
14.63,0.0864481,-1.09199,0.0863404,-0.996266
14.64,0.0754489,-1.09992,0.0753773,-0.997155
14.65,0.0643813,-1.10676,0.0643368,-0.997928
14.66,0.0532561,-1.11252,0.0532309,-0.998582
14.67,0.0420842,-1.11719,0.0420718,-0.999115
14.68,0.0308766,-1.12075,0.0308717,-0.999523
14.69,0.0196444,-1.12322,0.0196432,-0.999807
14.7,0.00839853,-1.12459,0.00839843,-0.999965
14.71,-0.00284997,-1.12485,-0.00284996,-0.999996
14.72,-0.01409,-1.12401,-0.0140896,-0.999901
14.73,-0.0253107,-1.12206,-0.025308,-0.99968
14.74,-0.0365009,-1.11902,-0.0364928,-0.999334
14.75,-0.0476497,-1.11488,-0.0476317,-0.998865
14.76,-0.0587462,-1.10965,-0.0587124,-0.998275
14.77,-0.0697795,-1.10334,-0.0697229,-0.997566
14.78,-0.080739,-1.09594,-0.0806513,-0.996742
14.79,-0.0916138,-1.08748,-0.0914857,-0.995806
14.8,-0.102393,-1.07797,-0.102215,-0.994762
14.81,-0.113067,-1.0674,-0.112827,-0.993615
14.82,-0.123625,-1.0558,-0.123311,-0.992368
14.83,-0.134057,-1.04317,-0.133656,-0.991028
14.84,-0.144353,-1.02954,-0.143852,-0.989599
14.85,-0.154502,-1.01491,-0.153888,-0.988088
14.86,-0.164495,-0.999309,-0.163754,-0.986501
14.87,-0.174322,-0.982745,-0.173441,-0.984844
14.88,-0.183975,-0.96524,-0.182939,-0.983124
14.89,-0.193443,-0.946811,-0.192239,-0.981348
14.9,-0.202718,-0.927479,-0.201332,-0.979523
14.91,-0.21179,-0.907264,-0.21021,-0.977656
14.92,-0.220652,-0.886189,-0.218866,-0.975755
14.93,-0.229295,-0.864275,-0.227291,-0.973827
14.94,-0.23771,-0.841546,-0.235478,-0.97188
14.95,-0.245891,-0.818025,-0.24342,-0.969921
14.96,-0.253828,-0.793736,-0.251111,-0.967958
14.97,-0.261515,-0.768705,-0.258544,-0.965999
14.98,-0.268945,-0.742958,-0.265714,-0.964052
14.99,-0.27611,-0.71652,-0.272615,-0.962123
15,-0.283004,-0.689418,-0.279241,-0.960221
15.01,-0.289621,-0.66168,-0.285589,-0.958352
15.02,-0.295954,-0.633332,-0.291653,-0.956524
15.03,-0.301998,-0.604405,-0.297428,-0.954744
15.04,-0.307747,-0.574925,-0.302913,-0.953018
15.05,-0.313197,-0.544922,-0.308101,-0.951354
15.06,-0.318341,-0.514424,-0.312991,-0.949756
15.07,-0.323175,-0.483463,-0.317579,-0.948232
15.08,-0.327696,-0.452066,-0.321863,-0.946786
15.09,-0.331899,-0.420266,-0.325839,-0.945425
15.1,-0.33578,-0.388091,-0.329505,-0.944154
15.11,-0.339335,-0.355572,-0.33286,-0.942976
15.12,-0.342563,-0.322741,-0.335902,-0.941897
15.13,-0.345459,-0.289628,-0.338629,-0.94092
15.14,-0.348022,-0.256263,-0.341039,-0.940049
15.15,-0.350248,-0.222679,-0.343131,-0.939287
15.16,-0.352138,-0.188907,-0.344905,-0.938638
15.17,-0.353687,-0.154977,-0.346359,-0.938102
15.18,-0.354897,-0.120922,-0.347493,-0.937682
15.19,-0.355764,-0.0867722,-0.348307,-0.937381
15.2,-0.35629,-0.0525599,-0.348799,-0.937197
15.21,-0.356473,-0.0183164,-0.348971,-0.937133
15.22,-0.356314,0.0159269,-0.348822,-0.937189
15.23,-0.355812,0.0501383,-0.348352,-0.937364
15.24,-0.354969,0.0842866,-0.347562,-0.937657
15.25,-0.353786,0.11834,-0.346452,-0.938068
15.26,-0.352263,0.152268,-0.345023,-0.938594
15.27,-0.350403,0.186039,-0.343276,-0.939234
15.28,-0.348207,0.219621,-0.341213,-0.939986
15.29,-0.345677,0.252984,-0.338834,-0.940846
15.3,-0.342816,0.286097,-0.336141,-0.941812
15.31,-0.339627,0.31893,-0.333135,-0.942879
15.32,-0.336112,0.351451,-0.329819,-0.944044
15.33,-0.332276,0.38363,-0.326195,-0.945302
15.34,-0.328122,0.415438,-0.322265,-0.946649
15.35,-0.323653,0.446845,-0.318032,-0.94808
15.36,-0.318875,0.47782,-0.313498,-0.949589
15.37,-0.313792,0.508336,-0.308667,-0.95117
15.38,-0.308408,0.538362,-0.303542,-0.952818
15.39,-0.302729,0.56787,-0.298126,-0.954526
15.4,-0.296761,0.596832,-0.292424,-0.956289
15.41,-0.290509,0.625221,-0.28644,-0.958098
15.42,-0.283979,0.653008,-0.280177,-0.959948
15.43,-0.277177,0.680167,-0.273641,-0.961832
15.44,-0.27011,0.706671,-0.266838,-0.963741
15.45,-0.262785,0.732494,-0.259771,-0.96567
15.46,-0.255209,0.757611,-0.252448,-0.967611
15.47,-0.247389,0.781998,-0.244873,-0.969555
15.48,-0.239333,0.805629,-0.237055,-0.971496
15.49,-0.231048,0.828481,-0.228998,-0.973427
15.5,-0.222543,0.850532,-0.22071,-0.975339
15.51,-0.213825,0.871758,-0.2122,-0.977226
15.52,-0.204904,0.892139,-0.203473,-0.979081
15.53,-0.195787,0.911653,-0.194539,-0.980895
15.54,-0.186484,0.930282,-0.185405,-0.982662
15.55,-0.177004,0.948005,-0.176082,-0.984376
15.56,-0.167356,0.964805,-0.166576,-0.986029
15.57,-0.15755,0.980663,-0.156899,-0.987615
15.58,-0.147594,0.995565,-0.147059,-0.989128
15.59,-0.137499,1.00949,-0.137066,-0.990562
15.6,-0.127275,1.02243,-0.126931,-0.991911
15.61,-0.116931,1.03438,-0.116665,-0.993171
15.62,-0.106478,1.0453,-0.106277,-0.994337
15.63,-0.0959259,1.05521,-0.0957789,-0.995403
15.64,-0.0852852,1.06407,-0.0851818,-0.996365
15.65,-0.0745662,1.0719,-0.0744971,-0.997221
15.66,-0.0637795,1.07867,-0.0637362,-0.997967
15.67,-0.0529356,1.08438,-0.0529109,-0.998599
15.68,-0.0420453,1.08903,-0.0420329,-0.999116
15.69,-0.0311192,1.09261,-0.0311142,-0.999516
15.7,-0.020168,1.09512,-0.0201666,-0.999797
15.71,-0.00920252,1.09655,-0.00920239,-0.999958
15.72,0.00176651,1.0969,0.00176651,-0.999998
15.73,0.0127283,1.09618,0.012728,-0.999919
15.74,0.0236722,1.09438,0.02367,-0.99972
15.75,0.0345873,1.09152,0.0345804,-0.999402
15.76,0.0454631,1.08758,0.0454474,-0.998967
15.77,0.0562888,1.08258,0.0562591,-0.998416
15.78,0.067054,1.07651,0.0670038,-0.997753
15.79,0.077748,1.0694,0.0776697,-0.996979
15.8,0.0883605,1.06125,0.0882456,-0.996099
15.81,0.0988811,1.05206,0.0987201,-0.995115
15.82,0.1093,1.04185,0.109082,-0.994033
15.83,0.119606,1.03063,0.119321,-0.992856
15.84,0.12979,1.01841,0.129426,-0.991589
15.85,0.139842,1.0052,0.139387,-0.990238
15.86,0.149752,0.991026,0.149193,-0.988808
15.87,0.159511,0.975895,0.158836,-0.987305
15.88,0.16911,0.959825,0.168305,-0.985735
15.89,0.178538,0.942835,0.177591,-0.984104
15.9,0.187787,0.924942,0.186686,-0.98242
15.91,0.196849,0.906165,0.19558,-0.980688
15.92,0.205714,0.886526,0.204266,-0.978915
15.93,0.214375,0.866044,0.212736,-0.97711
15.94,0.222822,0.844742,0.220983,-0.975278
15.95,0.231048,0.822641,0.228998,-0.973427
15.96,0.239046,0.799765,0.236776,-0.971564
15.97,0.246807,0.776137,0.244309,-0.969697
15.98,0.254325,0.751782,0.251592,-0.967833
15.99,0.261593,0.726725,0.258619,-0.965979
16,0.268602,0.700991,0.265384,-0.964143
16.01,0.275349,0.674607,0.271882,-0.96233
16.02,0.281825,0.647598,0.278109,-0.96055
16.03,0.288024,0.619991,0.284059,-0.958807
16.04,0.293943,0.591815,0.289728,-0.957109
16.05,0.299574,0.563097,0.295113,-0.955462
16.06,0.304912,0.533865,0.300209,-0.953873
16.07,0.309954,0.504147,0.305015,-0.952348
16.08,0.314693,0.473973,0.309525,-0.950891
16.09,0.319127,0.443372,0.313738,-0.94951
16.1,0.323251,0.412373,0.317651,-0.948208
16.11,0.327061,0.381005,0.321261,-0.946991
16.12,0.330554,0.349299,0.324567,-0.945863
16.13,0.333727,0.317284,0.327566,-0.944828
16.14,0.336577,0.284991,0.330258,-0.943891
16.15,0.339101,0.25245,0.33264,-0.943054
16.16,0.341298,0.219692,0.334711,-0.942321
16.17,0.343166,0.186747,0.33647,-0.941694
16.18,0.344702,0.153646,0.337916,-0.941176
16.19,0.345906,0.12042,0.339049,-0.940769
16.2,0.346777,0.0870988,0.339869,-0.940473
16.21,0.347314,0.0537142,0.340374,-0.94029
16.22,0.347517,0.0202966,0.340565,-0.940221
16.23,0.347386,-0.0131229,0.340441,-0.940266
16.24,0.346921,-0.0465136,0.340004,-0.940424
16.25,0.346122,-0.0798447,0.339253,-0.940695
16.26,0.344992,-0.113086,0.338189,-0.941078
16.27,0.34353,-0.146205,0.336813,-0.941572
16.28,0.341738,-0.179173,0.335125,-0.942174
16.29,0.339618,-0.21196,0.333127,-0.942882
16.3,0.337173,-0.244533,0.330821,-0.943694
16.31,0.334404,-0.276865,0.328206,-0.944606
16.32,0.331315,-0.308923,0.325287,-0.945615
16.33,0.327908,-0.340679,0.322063,-0.946718
16.34,0.324187,-0.372104,0.318538,-0.94791
16.35,0.320156,-0.403166,0.314714,-0.949186
16.36,0.315817,-0.433838,0.310593,-0.950543
16.37,0.311176,-0.46409,0.306179,-0.951974
16.38,0.306237,-0.493894,0.301473,-0.953475
16.39,0.301005,-0.523222,0.29648,-0.955039
16.4,0.295485,-0.552045,0.291204,-0.956661
16.41,0.289681,-0.580336,0.285647,-0.958335
16.42,0.283601,-0.608068,0.279814,-0.960054
16.43,0.277248,-0.635214,0.27371,-0.961812
16.44,0.270631,-0.661747,0.26734,-0.963602
16.45,0.263755,-0.687642,0.260707,-0.965418
16.46,0.256626,-0.712874,0.253818,-0.967252
16.47,0.249252,-0.737417,0.246679,-0.969097
16.48,0.241639,-0.761247,0.239295,-0.970947
16.49,0.233796,-0.784341,0.231672,-0.972794
16.5,0.225729,-0.806676,0.223817,-0.974631
16.51,0.217447,-0.828229,0.215737,-0.976451
16.52,0.208957,-0.848979,0.20744,-0.978248
16.53,0.200268,-0.868904,0.198932,-0.980013
16.54,0.191388,-0.887985,0.190222,-0.981741
16.55,0.182326,-0.906202,0.181318,-0.983425
16.56,0.173091,-0.923536,0.172228,-0.985057
16.57,0.163691,-0.93997,0.162961,-0.986633
16.58,0.154136,-0.955486,0.153526,-0.988145
16.59,0.144435,-0.97007,0.143934,-0.989587
16.6,0.134598,-0.983704,0.134192,-0.990955
16.61,0.124635,-0.996377,0.124312,-0.992243
16.62,0.114554,-1.00807,0.114303,-0.993446
16.63,0.104366,-1.01878,0.104177,-0.994559
16.64,0.0940811,-1.02849,0.0939424,-0.995578
16.65,0.0837091,-1.03719,0.0836114,-0.996498
16.66,0.0732604,-1.04488,0.0731948,-0.997318
16.67,0.062745,-1.05154,0.0627038,-0.998032
16.68,0.0521734,-1.05716,0.0521497,-0.998639
16.69,0.0415559,-1.06175,0.0415439,-0.999137
16.7,0.030903,-1.06529,0.030898,-0.999523
16.71,0.020225,-1.06779,0.0202237,-0.999795
16.72,0.00953261,-1.06924,0.00953247,-0.999955
16.73,-0.00116381,-1.06964,-0.00116381,-0.999999
16.74,-0.0118538,-1.06899,-0.0118535,-0.99993
16.75,-0.0225267,-1.0673,-0.0225248,-0.999746
16.76,-0.0331722,-1.06455,-0.0331662,-0.99945
16.77,-0.0437799,-1.06077,-0.0437659,-0.999042
16.78,-0.0543393,-1.05594,-0.0543126,-0.998524
16.79,-0.0648402,-1.05009,-0.0647948,-0.997899
16.8,-0.0752723,-1.04321,-0.0752012,-0.997168
16.81,-0.0856254,-1.03531,-0.0855208,-0.996336
16.82,-0.0958893,-1.0264,-0.0957425,-0.995406
16.83,-0.106054,-1.01649,-0.105856,-0.994382
16.84,-0.11611,-1.0056,-0.11585,-0.993267
16.85,-0.126048,-0.993734,-0.125714,-0.992067
16.86,-0.135857,-0.980905,-0.135439,-0.990786
16.87,-0.145528,-0.967127,-0.145015,-0.989429
16.88,-0.155052,-0.952418,-0.154432,-0.988003
16.89,-0.16442,-0.936792,-0.16368,-0.986513
16.9,-0.173623,-0.920267,-0.172752,-0.984965
16.91,-0.182651,-0.902859,-0.181637,-0.983366
16.92,-0.191497,-0.884589,-0.190329,-0.98172
16.93,-0.200152,-0.865476,-0.198818,-0.980036
16.94,-0.208607,-0.845539,-0.207098,-0.97832
16.95,-0.216855,-0.8248,-0.21516,-0.976579
16.96,-0.224888,-0.80328,-0.222997,-0.974819
16.97,-0.232698,-0.781003,-0.230604,-0.973048
16.98,-0.240278,-0.75799,-0.237973,-0.971272
16.99,-0.247621,-0.734266,-0.245098,-0.969498
17,-0.254719,-0.709855,-0.251974,-0.967734
17.01,-0.261567,-0.684781,-0.258595,-0.965986
17.02,-0.268158,-0.659071,-0.264956,-0.964261
17.03,-0.274485,-0.632749,-0.271052,-0.962565
17.04,-0.280544,-0.605842,-0.276878,-0.960905
17.05,-0.286328,-0.578378,-0.282431,-0.959288
17.06,-0.291831,-0.550382,-0.287707,-0.957719
17.07,-0.29705,-0.521883,-0.292701,-0.956204
17.08,-0.301979,-0.492908,-0.29741,-0.95475
17.09,-0.306614,-0.463485,-0.301832,-0.953361
17.1,-0.310951,-0.433644,-0.305964,-0.952043
17.11,-0.314985,-0.403412,-0.309802,-0.950801
17.12,-0.318713,-0.372819,-0.313344,-0.94964
17.13,-0.322132,-0.341893,-0.316589,-0.948563
17.14,-0.325238,-0.310665,-0.319535,-0.947575
17.15,-0.32803,-0.279163,-0.322179,-0.946679
17.16,-0.330504,-0.247418,-0.32452,-0.945879
17.17,-0.332659,-0.215459,-0.326557,-0.945177
17.18,-0.334492,-0.183316,-0.328289,-0.944577
17.19,-0.336002,-0.151019,-0.329715,-0.94408
17.2,-0.337188,-0.118598,-0.330835,-0.943689
17.21,-0.338049,-0.0860842,-0.331647,-0.943404
17.22,-0.338584,-0.0535066,-0.332152,-0.943226
17.23,-0.338793,-0.0208957,-0.332349,-0.943156
17.24,-0.338676,0.0117182,-0.332238,-0.943195
17.25,-0.338233,0.0443049,-0.331821,-0.943343
17.26,-0.337464,0.0768343,-0.331096,-0.943597
17.27,-0.336372,0.109276,-0.330064,-0.943958
17.28,-0.334956,0.141601,-0.328727,-0.944425
17.29,-0.333218,0.173778,-0.327086,-0.944995
17.3,-0.33116,0.205779,-0.32514,-0.945666
17.31,-0.328784,0.237572,-0.322893,-0.946436
17.32,-0.326093,0.269129,-0.320344,-0.947301
17.33,-0.323089,0.30042,-0.317497,-0.948259
17.34,-0.319775,0.331416,-0.314353,-0.949306
17.35,-0.316154,0.362089,-0.310913,-0.950438
17.36,-0.31223,0.392408,-0.307181,-0.951651
17.37,-0.308006,0.422347,-0.303159,-0.95294
17.38,-0.303488,0.451875,-0.29885,-0.9543
17.39,-0.298678,0.480967,-0.294257,-0.955726
17.4,-0.293582,0.509593,-0.289383,-0.957213
17.41,-0.288205,0.537726,-0.284231,-0.958756
17.42,-0.282551,0.565341,-0.278807,-0.960347
17.43,-0.276627,0.592409,-0.273113,-0.961982
17.44,-0.270438,0.618905,-0.267154,-0.963654
17.45,-0.26399,0.644803,-0.260934,-0.965357
17.46,-0.257289,0.670079,-0.25446,-0.967083
17.47,-0.250342,0.694706,-0.247736,-0.968828
17.48,-0.243156,0.718662,-0.240767,-0.970583
17.49,-0.235736,0.741922,-0.233559,-0.972343
17.5,-0.228092,0.764463,-0.226119,-0.9741
17.51,-0.220229,0.786263,-0.218453,-0.975847
17.52,-0.212156,0.8073,-0.210568,-0.977579
17.53,-0.203881,0.827553,-0.202471,-0.979288
17.54,-0.195411,0.847002,-0.194169,-0.980968
17.55,-0.186754,0.865626,-0.185671,-0.982612
17.56,-0.17792,0.883408,-0.176983,-0.984214
17.57,-0.168917,0.900328,-0.168115,-0.985767
17.58,-0.159753,0.91637,-0.159075,-0.987267
17.59,-0.150438,0.931517,-0.149871,-0.988706
17.6,-0.140981,0.945754,-0.140514,-0.990079
17.61,-0.13139,0.959065,-0.131012,-0.991381
17.62,-0.121676,0.971438,-0.121376,-0.992607
17.63,-0.111847,0.982859,-0.111614,-0.993752
17.64,-0.101914,0.993317,-0.101737,-0.994811
17.65,-0.0918858,1.0028,-0.0917566,-0.995781
17.66,-0.0817728,1.0113,-0.0816817,-0.996658
17.67,-0.0715847,1.01881,-0.0715236,-0.997439
17.68,-0.0613316,1.02532,-0.0612931,-0.99812
17.69,-0.0510234,1.03082,-0.0510013,-0.998699
17.7,-0.0406704,1.0353,-0.0406592,-0.999173
17.71,-0.0302826,1.03877,-0.030278,-0.999542
17.72,-0.0198704,1.04122,-0.0198691,-0.999803
17.73,-0.00944386,1.04265,-0.00944372,-0.999955
17.74,0.000986725,1.04306,0.000986725,-1
17.75,0.0114111,1.04244,0.0114109,-0.999935
17.76,0.0218191,1.0408,0.0218174,-0.999762
17.77,0.0322005,1.03814,0.032195,-0.999482
17.78,0.0425451,1.03446,0.0425323,-0.999095
17.79,0.0528428,1.02977,0.0528183,-0.998604
17.8,0.0630836,1.02408,0.0630418,-0.998011
17.81,0.0732574,1.01738,0.0731919,-0.997318
17.82,0.0833543,1.00969,0.0832578,-0.996528
17.83,0.0933645,1.00102,0.0932289,-0.995645
17.84,0.103278,0.991372,0.103095,-0.994672
17.85,0.113086,0.980762,0.112845,-0.993613
17.86,0.122778,0.969202,0.12247,-0.992472
17.87,0.132345,0.956703,0.131959,-0.991255
17.88,0.141778,0.94328,0.141303,-0.989966
17.89,0.151067,0.928946,0.150493,-0.988611
17.9,0.160204,0.913718,0.15952,-0.987195
17.91,0.16918,0.897612,0.168375,-0.985723
17.92,0.177987,0.880646,0.177049,-0.984202
17.93,0.186615,0.862837,0.185534,-0.982638
17.94,0.195057,0.844205,0.193823,-0.981037
17.95,0.203305,0.824769,0.201907,-0.979405
17.96,0.21135,0.804549,0.209781,-0.977748
17.97,0.219186,0.783568,0.217435,-0.976075
17.98,0.226805,0.761845,0.224865,-0.97439
17.99,0.234199,0.739405,0.232064,-0.972701
18,0.241361,0.71627,0.239025,-0.971013
18.01,0.248286,0.692464,0.245743,-0.969335
18.02,0.254966,0.66801,0.252213,-0.967672
18.03,0.261395,0.642934,0.258429,-0.96603
18.04,0.267568,0.617261,0.264387,-0.964417
18.05,0.273478,0.591016,0.270082,-0.962837
18.06,0.27912,0.564225,0.27551,-0.961298
18.07,0.28449,0.536915,0.280668,-0.959805
18.08,0.289581,0.509113,0.28555,-0.958364
18.09,0.294389,0.480846,0.290155,-0.95698
18.1,0.298911,0.452142,0.294479,-0.955658
18.11,0.303141,0.423027,0.298519,-0.954404
18.12,0.307076,0.393531,0.302273,-0.953221
18.13,0.310713,0.363681,0.305738,-0.952116
18.14,0.314048,0.333507,0.308911,-0.951091
18.15,0.317078,0.303036,0.311792,-0.95015
18.16,0.319801,0.272297,0.314378,-0.949298
18.17,0.322215,0.241321,0.316668,-0.948536
18.18,0.324316,0.210135,0.31866,-0.947869
18.19,0.326104,0.178769,0.320354,-0.947298
18.2,0.327576,0.147253,0.321749,-0.946825
18.21,0.328732,0.115616,0.322844,-0.946452
18.22,0.329571,0.0838871,0.323637,-0.946181
18.23,0.330092,0.0520963,0.32413,-0.946012
18.24,0.330295,0.0202731,0.324322,-0.945947
18.25,0.330179,-0.0115531,0.324213,-0.945984
18.26,0.329746,-0.0433526,0.323803,-0.946125
18.27,0.328995,-0.0750959,0.323092,-0.946368
18.28,0.327927,-0.106754,0.322082,-0.946712
18.29,0.326544,-0.138297,0.320772,-0.947156
18.3,0.324847,-0.169695,0.319164,-0.947699
18.31,0.322838,-0.20092,0.317259,-0.948339
18.32,0.320519,-0.231943,0.315059,-0.949072
18.33,0.317891,-0.262734,0.312564,-0.949897
18.34,0.314959,-0.293265,0.309777,-0.950809
18.35,0.311724,-0.323508,0.3067,-0.951806
18.36,0.308189,-0.353433,0.303334,-0.952884
18.37,0.304359,-0.383014,0.299682,-0.954039
18.38,0.300237,-0.412221,0.295747,-0.955266
18.39,0.295827,-0.441028,0.291531,-0.956561
18.4,0.291133,-0.469406,0.287037,-0.957919
18.41,0.286159,-0.49733,0.28227,-0.959335
18.42,0.280912,-0.524772,0.277232,-0.960803
18.43,0.275395,-0.551706,0.271927,-0.962318
18.44,0.269614,-0.578106,0.266359,-0.963874
18.45,0.263574,-0.603947,0.260533,-0.965465
18.46,0.257282,-0.629203,0.254453,-0.967085
18.47,0.250744,-0.653851,0.248124,-0.968728
18.48,0.243965,-0.677865,0.241552,-0.970388
18.49,0.236953,-0.701222,0.234742,-0.972058
18.5,0.229714,-0.7239,0.227699,-0.973732
18.51,0.222255,-0.745875,0.22043,-0.975403
18.52,0.214584,-0.767126,0.212941,-0.977065
18.53,0.206707,-0.787632,0.205238,-0.978712
18.54,0.198634,-0.807372,0.19733,-0.980337
18.55,0.19037,-0.826326,0.189223,-0.981934
18.56,0.181926,-0.844476,0.180924,-0.983497
18.57,0.173308,-0.861802,0.172441,-0.98502
18.58,0.164525,-0.878288,0.163783,-0.986496
18.59,0.155586,-0.893916,0.154959,-0.987921
18.6,0.146499,-0.90867,0.145975,-0.989288
18.61,0.137273,-0.922536,0.136843,-0.990593
18.62,0.127919,-0.935499,0.12757,-0.99183
18.63,0.118443,-0.947546,0.118166,-0.992994
18.64,0.108856,-0.958665,0.108642,-0.994081
18.65,0.099168,-0.968843,0.0990055,-0.995087
18.66,0.0893873,-0.978071,0.0892683,-0.996008
18.67,0.0795239,-0.986339,0.0794401,-0.99684
18.68,0.0695875,-0.993639,0.0695313,-0.99758
18.69,0.0595878,-0.999963,0.0595526,-0.998225
18.7,0.0495348,-1.00531,0.0495145,-0.998773
18.71,0.0394382,-1.00966,0.039428,-0.999222
18.72,0.029308,-1.01302,0.0293038,-0.999571
18.73,0.019154,-1.01539,0.0191529,-0.999817
18.74,0.00898642,-1.01676,0.0089863,-0.99996
18.75,-0.00118494,-1.01714,-0.00118494,-0.999999
18.76,-0.01135,-1.01651,-0.0113498,-0.999936
18.77,-0.0214989,-1.01489,-0.0214973,-0.999769
18.78,-0.0316217,-1.01227,-0.0316164,-0.9995
18.79,-0.0417083,-1.00867,-0.0416962,-0.99913
18.8,-0.051749,-1.00407,-0.0517259,-0.998661
18.81,-0.061734,-0.998494,-0.0616948,-0.998095
18.82,-0.0716534,-0.991943,-0.0715921,-0.997434
18.83,-0.0814976,-0.984423,-0.0814074,-0.996681
18.84,-0.0912571,-0.975945,-0.0911305,-0.995839
18.85,-0.100922,-0.966517,-0.100751,-0.994912
18.86,-0.110484,-0.95615,-0.110259,-0.993903
18.87,-0.119932,-0.944856,-0.119645,-0.992817
18.88,-0.129259,-0.932646,-0.128899,-0.991658
18.89,-0.138454,-0.919535,-0.138012,-0.990431
18.9,-0.147509,-0.905536,-0.146975,-0.98914
18.91,-0.156416,-0.890665,-0.155779,-0.987792
18.92,-0.165166,-0.874938,-0.164416,-0.986391
18.93,-0.173749,-0.858371,-0.172876,-0.984944
18.94,-0.182159,-0.840983,-0.181153,-0.983455
18.95,-0.190387,-0.822791,-0.189239,-0.981931
18.96,-0.198425,-0.803816,-0.197126,-0.980378
18.97,-0.206266,-0.784076,-0.204806,-0.978803
18.98,-0.213902,-0.763592,-0.212274,-0.97721
18.99,-0.221326,-0.742386,-0.219523,-0.975607
19,-0.22853,-0.72048,-0.226546,-0.974
19.01,-0.235509,-0.697895,-0.233338,-0.972396
19.02,-0.242256,-0.674656,-0.239893,-0.970799
19.03,-0.248764,-0.650785,-0.246206,-0.969218
19.04,-0.255027,-0.626307,-0.252271,-0.967657
19.05,-0.261039,-0.601246,-0.258085,-0.966122
19.06,-0.266796,-0.575627,-0.263642,-0.964621
19.07,-0.27229,-0.549476,-0.268938,-0.963157
19.08,-0.277519,-0.522818,-0.27397,-0.961738
19.09,-0.282475,-0.495681,-0.278734,-0.960368
19.1,-0.287156,-0.468089,-0.283226,-0.959053
19.11,-0.291557,-0.44007,-0.287444,-0.957797
19.12,-0.295673,-0.411652,-0.291384,-0.956606
19.13,-0.299502,-0.382862,-0.295045,-0.955484
19.14,-0.303039,-0.353726,-0.298422,-0.954434
19.15,-0.306282,-0.324274,-0.301516,-0.953461
19.16,-0.309227,-0.294533,-0.304323,-0.952569
19.17,-0.311873,-0.264532,-0.306842,-0.951761
19.18,-0.314216,-0.234298,-0.309071,-0.951039
19.19,-0.316254,-0.203862,-0.311009,-0.950407
19.2,-0.317987,-0.17325,-0.312655,-0.949867
19.21,-0.319412,-0.142492,-0.314008,-0.94942
19.22,-0.320528,-0.111616,-0.315068,-0.949069
19.23,-0.321334,-0.0806521,-0.315833,-0.948815
19.24,-0.321831,-0.0496286,-0.316304,-0.948658
19.25,-0.322016,-0.0185744,-0.31648,-0.948599
19.26,-0.321892,0.0124816,-0.316362,-0.948639
19.27,-0.321457,0.0435104,-0.315949,-0.948776
19.28,-0.320712,0.0744833,-0.315242,-0.949011
19.29,-0.319658,0.105371,-0.314242,-0.949343
19.3,-0.318297,0.136146,-0.312949,-0.94977
19.31,-0.316629,0.166778,-0.311365,-0.95029
19.32,-0.314656,0.197239,-0.30949,-0.950903
19.33,-0.312381,0.227502,-0.307326,-0.951604
19.34,-0.309806,0.257537,-0.304874,-0.952393
19.35,-0.306933,0.287316,-0.302136,-0.953265
19.36,-0.303765,0.316812,-0.299115,-0.954217
19.37,-0.300305,0.345997,-0.295811,-0.955246
19.38,-0.296556,0.374843,-0.292229,-0.956348
19.39,-0.292523,0.403323,-0.288369,-0.957519
19.4,-0.288209,0.43141,-0.284236,-0.958754
19.41,-0.283618,0.459078,-0.279831,-0.960049
19.42,-0.278755,0.4863,-0.275159,-0.961399
19.43,-0.273625,0.51305,-0.270223,-0.962798
19.44,-0.268232,0.539302,-0.265027,-0.964241
19.45,-0.262581,0.565032,-0.259574,-0.965723
19.46,-0.256679,0.590214,-0.25387,-0.967238
19.47,-0.250531,0.614823,-0.247918,-0.968781
19.48,-0.244143,0.638836,-0.241724,-0.970345
19.49,-0.23752,0.66223,-0.235293,-0.971924
19.5,-0.230671,0.684981,-0.22863,-0.973513
19.51,-0.2236,0.707067,-0.221741,-0.975106
19.52,-0.216315,0.728467,-0.214632,-0.976695
19.53,-0.208824,0.749158,-0.207309,-0.978275
19.54,-0.201132,0.76912,-0.199779,-0.979841
19.55,-0.193249,0.788334,-0.192048,-0.981385
19.56,-0.185181,0.80678,-0.184125,-0.982903
19.57,-0.176937,0.824439,-0.176015,-0.984387
19.58,-0.168524,0.841294,-0.167727,-0.985833
19.59,-0.159951,0.857327,-0.159269,-0.987235
19.6,-0.151225,0.872523,-0.15065,-0.988587
19.61,-0.142357,0.886866,-0.141876,-0.989884
19.62,-0.133353,0.90034,-0.132958,-0.991122
19.63,-0.124224,0.912933,-0.123905,-0.992294
19.64,-0.114978,0.924632,-0.114725,-0.993397
19.65,-0.105623,0.935424,-0.105427,-0.994427
19.66,-0.0961705,0.945299,-0.0960223,-0.995379
19.67,-0.086628,0.954246,-0.0865197,-0.99625
19.68,-0.0770055,0.962256,-0.0769294,-0.997037
19.69,-0.0673122,0.969322,-0.0672614,-0.997735
19.7,-0.0575579,0.975436,-0.0575261,-0.998344
19.71,-0.047752,0.980591,-0.0477338,-0.99886
19.72,-0.0379041,0.984784,-0.0378951,-0.999282
19.73,-0.028024,0.988009,-0.0280204,-0.999607
19.74,-0.0181214,0.990264,-0.0181204,-0.999836
19.75,-0.00820594,0.991546,-0.00820585,-0.999966
19.76,0.00171261,0.991855,0.00171261,-0.999999
19.77,0.0116245,0.991191,0.0116243,-0.999932
19.78,0.0215201,0.989555,0.0215184,-0.999768
19.79,0.0313896,0.98695,0.0313844,-0.999507
19.8,0.0412233,0.983377,0.0412117,-0.99915
19.81,0.0510118,0.978843,0.0509897,-0.998699
19.82,0.0607453,0.973351,0.0607079,-0.998156
19.83,0.0704144,0.966909,0.0703562,-0.997522
19.84,0.0800096,0.959524,0.0799243,-0.996801
19.85,0.0895217,0.951203,0.0894021,-0.995996
19.86,0.0989412,0.941958,0.0987799,-0.995109
19.87,0.108259,0.931796,0.108048,-0.994146
19.88,0.117467,0.920731,0.117197,-0.993109
19.89,0.126554,0.908774,0.126217,-0.992003
19.9,0.135514,0.895937,0.135099,-0.990832
19.91,0.144336,0.882236,0.143835,-0.989602
19.92,0.153013,0.867685,0.152416,-0.988316
19.93,0.161536,0.852299,0.160834,-0.986981
19.94,0.169897,0.836095,0.169081,-0.985602
19.95,0.178088,0.81909,0.177148,-0.984184
19.96,0.186101,0.801302,0.185028,-0.982733
19.97,0.193928,0.78275,0.192715,-0.981255
19.98,0.201563,0.763454,0.200201,-0.979755
19.99,0.208997,0.743432,0.207479,-0.97824
